NOTES,Unnamed: 1
(a),"The column labeled “Type of data” indicates whether the data used to produce the estimates refer to the foreign-born population (B) or to foreign citizens (C). It also indicates in which cases the number of refugees, as reported by UNHCR, were added to the estimate of international migrants (R). Estimates for countries or areas having no data on the number of international migrants were obtained by imputation indicated by (I)."
(b),"More developed regions comprise Europe, Northern America, Australia/New Zealand and Japan."
(c),"Less developed regions comprise all regions of Africa, Asia (except Japan), Latin America and the Caribbean plus Melanesia, Micronesia and Polynesia."
(d),"The least developed countries, as defined by the United Nations General Assembly in its resolutions (59/209, 59/210, 60/33, 62/97, 64/L.55, 67/L.43) included 48 countries in December 2015: 34 in Africa, 9 in Asia, 4 in Oceania and one in Latin America and the Caribbean. The group includes 48 countries - Afghanistan, Angola, Bangladesh, Benin, Bhutan, Burkina Faso, Burundi, Cambodia, Central African Republic, Chad, Comoros, Democratic Republic of the Congo, Djibouti, Equatorial Guinea, Eritrea, Ethiopia, Gambia, Guinea, Guinea-Bissau, Haiti, Kiribati, Lao People's Democratic Republic, Lesotho, Liberia, Madagascar, Malawi, Mali, Mauritania, Mozambique, Myanmar, Nepal, Niger, Rwanda,  São Tomé and Príncipe, Senegal, Sierra Leone, Solomon Islands, Somalia, South Sudan, Sudan, Timor-Leste, Togo, Tuvalu, Uganda, United Republic of Tanzania, Vanuatu, Yemen and Zambia. These countries are also included in the less developed regions."
(e),Sub-Saharan Africa refers to all of Africa except Northern Africa with the Sudan included in sub-Saharan Africa.
(1),"Including Agalega, Rodrigues and Saint Brandon."
(2),Including Zanzibar.
(3),The estimates for 1990 to 2005 refer to Sudan and South Sudan.
(4),Including Ascension and Tristan da Cunha.
(5),"For statistical purposes, the data for China do not include Hong Kong and Macao, Special Administrative Regions (SAR) of China."
(6),"As of 1 July 1997, Hong Kong became a Special Administrative Region (SAR) of China."
(7),"As of 20 December 1999, Macao became a Special Administrative Region (SAR) of China."
(8),Including Sabah and Sarawak.
(9),Including Nagorno-Karabakh.
(10),Including Northern-Cyprus.
(11),Including Abkhazia and South Ossetia.
(12),Including East Jerusalem. Refugees are not part of the foreign-born migrant stock in the State of Palestine.
(13),Including Transnistria.
(14),"Refers to Guernsey, and Jersey."
(15),Including Åland Islands.
(16),Including Svalbard and Jan Mayen Islands.
(17),Refers to the Vatican City State.
(18),Including Kosovo. The estimates for 1990 and 2000 refer to Serbia and Montenegro.
(19),"Including Canary Islands, Ceuta and Melilla."
(20),The estimates for 1990 to 2005 refer to the former Netherlands Antilles.
(21),Including Saint-Barthélemy and Saint-Martin (French part).
(22),"Including Christmas Island, Cocos (Keeling) Islands and Norfolk Island."
