,Country code,Continent,Region,Country,Notes,Type of data (a),Year range,Annual rate of change of the refugee stock (%)
0,108,Africa,Eastern Africa,Burundi,,B R,1990-1995,-3.3909261411250875
1,108,Africa,Eastern Africa,Burundi,,B R,1995-2000,-22.903336934690902
2,108,Africa,Eastern Africa,Burundi,,B R,2000-2005,-11.817674031110696
3,108,Africa,Eastern Africa,Burundi,,B R,2005-2010,0.8492811027764255
4,108,Africa,Eastern Africa,Burundi,,B R,2010-2015,5.783876136975078
5,174,Africa,Eastern Africa,Comoros,,B,1990-1995,
6,174,Africa,Eastern Africa,Comoros,,B,1995-2000,14.064834430765544
7,174,Africa,Eastern Africa,Comoros,,B,2000-2005,-12.988989404645087
8,174,Africa,Eastern Africa,Comoros,,B,2005-2010,
9,174,Africa,Eastern Africa,Comoros,,B,2010-2015,
10,262,Africa,Eastern Africa,Djibouti,,B R,1990-1995,-9.763425826711018
11,262,Africa,Eastern Africa,Djibouti,,B R,1995-2000,-3.3593304395703307
12,262,Africa,Eastern Africa,Djibouti,,B R,2000-2005,-14.239600549360013
13,262,Africa,Eastern Africa,Djibouti,,B R,2005-2010,5.3952681964818066
14,262,Africa,Eastern Africa,Djibouti,,B R,2010-2015,4.121943283063937
15,232,Africa,Eastern Africa,Eritrea,,I,1990-1995,
16,232,Africa,Eastern Africa,Eritrea,,I,1995-2000,11.236525941589692
17,232,Africa,Eastern Africa,Eritrea,,I,2000-2005,14.011684663883454
18,232,Africa,Eastern Africa,Eritrea,,I,2005-2010,-0.12181487446758336
19,232,Africa,Eastern Africa,Eritrea,,I,2010-2015,-10.46463689422319
20,231,Africa,Eastern Africa,Ethiopia,,B R,1990-1995,-5.505716936298401
21,231,Africa,Eastern Africa,Ethiopia,,B R,1995-2000,-8.189765965038449
22,231,Africa,Eastern Africa,Ethiopia,,B R,2000-2005,-10.034433568868776
23,231,Africa,Eastern Africa,Ethiopia,,B R,2005-2010,6.532499891424708
24,231,Africa,Eastern Africa,Ethiopia,,B R,2010-2015,16.322282729649412
25,404,Africa,Eastern Africa,Kenya,,B R,1990-1995,42.521055181350214
26,404,Africa,Eastern Africa,Kenya,,B R,1995-2000,-5.03849421136358
27,404,Africa,Eastern Africa,Kenya,,B R,2000-2005,2.375355983513172
28,404,Africa,Eastern Africa,Kenya,,B R,2005-2010,5.389652909945637
29,404,Africa,Eastern Africa,Kenya,,B R,2010-2015,3.136790276591641
30,450,Africa,Eastern Africa,Madagascar,,C,1990-1995,
31,450,Africa,Eastern Africa,Madagascar,,C,1995-2000,
32,450,Africa,Eastern Africa,Madagascar,,C,2000-2005,
33,450,Africa,Eastern Africa,Madagascar,,C,2005-2010,
34,450,Africa,Eastern Africa,Madagascar,,C,2010-2015,
35,454,Africa,Eastern Africa,Malawi,,B R,1990-1995,-104.30737611295288
36,454,Africa,Eastern Africa,Malawi,,B R,1995-2000,27.622264259434274
37,454,Africa,Eastern Africa,Malawi,,B R,2000-2005,2.636874985359011
38,454,Africa,Eastern Africa,Malawi,,B R,2005-2010,6.416522184088169
39,454,Africa,Eastern Africa,Malawi,,B R,2010-2015,0.5960532247523025
40,480,Africa,Eastern Africa,Mauritius,(1),C,1990-1995,
41,480,Africa,Eastern Africa,Mauritius,(1),C,1995-2000,
42,480,Africa,Eastern Africa,Mauritius,(1),C,2000-2005,
43,480,Africa,Eastern Africa,Mauritius,(1),C,2005-2010,
44,480,Africa,Eastern Africa,Mauritius,(1),C,2010-2015,
45,175,Africa,Eastern Africa,Mayotte,,B,1990-1995,
46,175,Africa,Eastern Africa,Mayotte,,B,1995-2000,
47,175,Africa,Eastern Africa,Mayotte,,B,2000-2005,
48,175,Africa,Eastern Africa,Mayotte,,B,2005-2010,
49,175,Africa,Eastern Africa,Mayotte,,B,2010-2015,
50,508,Africa,Eastern Africa,Mozambique,,B R,1990-1995,-30.139448326414197
51,508,Africa,Eastern Africa,Mozambique,,B R,1995-2000,6.5916412875858175
52,508,Africa,Eastern Africa,Mozambique,,B R,2000-2005,43.986555331973435
53,508,Africa,Eastern Africa,Mozambique,,B R,2005-2010,13.776629808177828
54,508,Africa,Eastern Africa,Mozambique,,B R,2010-2015,0.9680268475542776
55,638,Africa,Eastern Africa,Réunion,,B,1990-1995,
56,638,Africa,Eastern Africa,Réunion,,B,1995-2000,
57,638,Africa,Eastern Africa,Réunion,,B,2000-2005,
58,638,Africa,Eastern Africa,Réunion,,B,2005-2010,
59,638,Africa,Eastern Africa,Réunion,,B,2010-2015,
60,646,Africa,Eastern Africa,Rwanda,,B R,1990-1995,-6.0627656845470845
61,646,Africa,Eastern Africa,Rwanda,,B R,1995-2000,-4.4325533404205
62,646,Africa,Eastern Africa,Rwanda,,B R,2000-2005,9.07341023354078
63,646,Africa,Eastern Africa,Rwanda,,B R,2005-2010,1.8896775727247839
64,646,Africa,Eastern Africa,Rwanda,,B R,2010-2015,1.8647865364758214
65,690,Africa,Eastern Africa,Seychelles,,B,1990-1995,
66,690,Africa,Eastern Africa,Seychelles,,B,1995-2000,
67,690,Africa,Eastern Africa,Seychelles,,B,2000-2005,
68,690,Africa,Eastern Africa,Seychelles,,B,2005-2010,
69,690,Africa,Eastern Africa,Seychelles,,B,2010-2015,
70,706,Africa,Eastern Africa,Somalia,,I R,1990-1995,-68.02407828888308
71,706,Africa,Eastern Africa,Somalia,,I R,1995-2000,-2.865322502256772
72,706,Africa,Eastern Africa,Somalia,,I R,2000-2005,-3.0492064475977356
73,706,Africa,Eastern Africa,Somalia,,I R,2005-2010,24.384487754955476
74,706,Africa,Eastern Africa,Somalia,,I R,2010-2015,4.06693803418506
75,728,Africa,Eastern Africa,South Sudan,,B R,1990-1995,
76,728,Africa,Eastern Africa,South Sudan,,B R,1995-2000,
77,728,Africa,Eastern Africa,South Sudan,,B R,2000-2005,
78,728,Africa,Eastern Africa,South Sudan,,B R,2005-2010,
79,728,Africa,Eastern Africa,South Sudan,,B R,2010-2015,20.389761105632548
80,800,Africa,Eastern Africa,Uganda,,B R,1990-1995,6.509171393612798
81,800,Africa,Eastern Africa,Uganda,,B R,1995-2000,0.6216786348351812
82,800,Africa,Eastern Africa,Uganda,,B R,2000-2005,1.1047363271783712
83,800,Africa,Eastern Africa,Uganda,,B R,2005-2010,-8.572876786045756
84,800,Africa,Eastern Africa,Uganda,,B R,2010-2015,12.450603800519557
85,834,Africa,Eastern Africa,United Republic of Tanzania,(2),B R,1990-1995,9.694684024184413
86,834,Africa,Eastern Africa,United Republic of Tanzania,(2),B R,1995-2000,-0.4470242709904906
87,834,Africa,Eastern Africa,United Republic of Tanzania,(2),B R,2000-2005,-0.5968953746047705
88,834,Africa,Eastern Africa,United Republic of Tanzania,(2),B R,2005-2010,-13.967336700003463
89,834,Africa,Eastern Africa,United Republic of Tanzania,(2),B R,2010-2015,-0.4057408503725739
90,894,Africa,Eastern Africa,Zambia,,B R,1990-1995,1.5113691739317874
91,894,Africa,Eastern Africa,Zambia,,B R,1995-2000,5.831507921298549
92,894,Africa,Eastern Africa,Zambia,,B R,2000-2005,-2.892765783898339
93,894,Africa,Eastern Africa,Zambia,,B R,2005-2010,-13.112894823064265
94,894,Africa,Eastern Africa,Zambia,,B R,2010-2015,-10.118904804316529
95,716,Africa,Eastern Africa,Zimbabwe,,B R,1990-1995,-110.03617607888569
96,716,Africa,Eastern Africa,Zimbabwe,,B R,1995-2000,42.66915848443493
97,716,Africa,Eastern Africa,Zimbabwe,,B R,2000-2005,2.3041176715327287
98,716,Africa,Eastern Africa,Zimbabwe,,B R,2005-2010,-0.26299924630995286
99,716,Africa,Eastern Africa,Zimbabwe,,B R,2010-2015,3.8773641083898096
100,24,Africa,Middle Africa,Angola,,B R,1990-1995,-4.4616639611770825
101,24,Africa,Middle Africa,Angola,,B R,1995-2000,-0.9745678561846884
102,24,Africa,Middle Africa,Angola,,B R,2000-2005,-3.7556636723444474
103,24,Africa,Middle Africa,Angola,,B R,2005-2010,-2.657193013041276
104,24,Africa,Middle Africa,Angola,,B R,2010-2015,-6.25234883639694
105,120,Africa,Middle Africa,Cameroon,,B,1990-1995,0.8674789835111534
106,120,Africa,Middle Africa,Cameroon,,B,1995-2000,0.9624280038796663
107,120,Africa,Middle Africa,Cameroon,,B,2000-2005,-0.22399096710232605
108,120,Africa,Middle Africa,Cameroon,,B,2005-2010,11.681022790642306
109,120,Africa,Middle Africa,Cameroon,,B,2010-2015,13.015148329215235
110,140,Africa,Middle Africa,Central African Republic,,C,1990-1995,38.14948769523996
111,140,Africa,Middle Africa,Central African Republic,,C,1995-2000,5.659471408316769
112,140,Africa,Middle Africa,Central African Republic,,C,2000-2005,-10.98756592916604
113,140,Africa,Middle Africa,Central African Republic,,C,2005-2010,-2.390686544623503
114,140,Africa,Middle Africa,Central African Republic,,C,2010-2015,-17.905101993792673
115,148,Africa,Middle Africa,Chad,,B R,1990-1995,
116,148,Africa,Middle Africa,Chad,,B R,1995-2000,100.37164185099674
117,148,Africa,Middle Africa,Chad,,B R,2000-2005,30.67281189858459
118,148,Africa,Middle Africa,Chad,,B R,2005-2010,1.2932472836640068
119,148,Africa,Middle Africa,Chad,,B R,2010-2015,1.0586768310751733
120,178,Africa,Middle Africa,Congo,,B,1990-1995,28.24832633786012
121,178,Africa,Middle Africa,Congo,,B,1995-2000,27.67045671431982
122,178,Africa,Middle Africa,Congo,,B,2000-2005,-13.118939872267005
123,178,Africa,Middle Africa,Congo,,B,2005-2010,8.286193602556006
124,178,Africa,Middle Africa,Congo,,B,2010-2015,-18.6130825540116
125,180,Africa,Middle Africa,Democratic Republic of the Congo,,B R,1990-1995,9.048074071437565
126,180,Africa,Middle Africa,Democratic Republic of the Congo,,B R,1995-2000,-11.380561433416828
127,180,Africa,Middle Africa,Democratic Republic of the Congo,,B R,2000-2005,-6.173038467208122
128,180,Africa,Middle Africa,Democratic Republic of the Congo,,B R,2005-2010,-2.995707890753923
129,180,Africa,Middle Africa,Democratic Republic of the Congo,,B R,2010-2015,-5.045745780756607
130,226,Africa,Middle Africa,Equatorial Guinea,,C,1990-1995,
131,226,Africa,Middle Africa,Equatorial Guinea,,C,1995-2000,
132,226,Africa,Middle Africa,Equatorial Guinea,,C,2000-2005,
133,226,Africa,Middle Africa,Equatorial Guinea,,C,2005-2010,
134,226,Africa,Middle Africa,Equatorial Guinea,,C,2010-2015,
135,266,Africa,Middle Africa,Gabon,,C,1990-1995,23.05165638810818
136,266,Africa,Middle Africa,Gabon,,C,1995-2000,57.563199640712945
137,266,Africa,Middle Africa,Gabon,,C,2000-2005,-16.693041448138757
138,266,Africa,Middle Africa,Gabon,,C,2005-2010,-1.5408256304130494
139,266,Africa,Middle Africa,Gabon,,C,2010-2015,-45.62513968640561
140,678,Africa,Middle Africa,Sao Tome and Principe,,C,1990-1995,
141,678,Africa,Middle Africa,Sao Tome and Principe,,C,1995-2000,
142,678,Africa,Middle Africa,Sao Tome and Principe,,C,2000-2005,
143,678,Africa,Middle Africa,Sao Tome and Principe,,C,2005-2010,
144,678,Africa,Middle Africa,Sao Tome and Principe,,C,2010-2015,
145,12,Africa,Northern Africa,Algeria,,C R,1990-1995,3.4800186788249228
146,12,Africa,Northern Africa,Algeria,,C R,1995-2000,-1.8554096349122733
147,12,Africa,Northern Africa,Algeria,,C R,2000-2005,-11.319865720848203
148,12,Africa,Northern Africa,Algeria,,C R,2005-2010,0.21811312527738955
149,12,Africa,Northern Africa,Algeria,,C R,2010-2015,0.21118272359313922
150,818,Africa,Northern Africa,Egypt,,B R,1990-1995,22.070974431051454
151,818,Africa,Northern Africa,Egypt,,B R,1995-2000,3.5157733101205157
152,818,Africa,Northern Africa,Egypt,,B R,2000-2005,42.58277854244721
153,818,Africa,Northern Africa,Egypt,,B R,2005-2010,-0.19648534814353816
154,818,Africa,Northern Africa,Egypt,,B R,2010-2015,10.09058402515977
155,434,Africa,Northern Africa,Libya,,C,1990-1995,
156,434,Africa,Northern Africa,Libya,,C,1995-2000,19.119838022357964
157,434,Africa,Northern Africa,Libya,,C,2000-2005,-0.8879368257960669
158,434,Africa,Northern Africa,Libya,,C,2005-2010,-10.374789106719778
159,434,Africa,Northern Africa,Libya,,C,2010-2015,21.027502078707588
160,504,Africa,Northern Africa,Morocco,,C,1990-1995,-32.665790036883536
161,504,Africa,Northern Africa,Morocco,,C,1995-2000,71.86003105506582
162,504,Africa,Northern Africa,Morocco,,C,2000-2005,-45.76087697829426
163,504,Africa,Northern Africa,Morocco,,C,2005-2010,20.401406941727203
164,504,Africa,Northern Africa,Morocco,,C,2010-2015,9.12300470373916
165,729,Africa,Northern Africa,Sudan,(3),B R,1990-1995,-2.769561843315898
166,729,Africa,Northern Africa,Sudan,(3),B R,1995-2000,-4.248372750620126
167,729,Africa,Northern Africa,Sudan,(3),B R,2000-2005,-12.884493236055722
168,729,Africa,Northern Africa,Sudan,(3),B R,2005-2010,-1.7450096620306017
169,729,Africa,Northern Africa,Sudan,(3),B R,2010-2015,9.85306428755245
170,788,Africa,Northern Africa,Tunisia,,C,1990-1995,37.90384882184993
171,788,Africa,Northern Africa,Tunisia,,C,1995-2000,-1.805410869354868
172,788,Africa,Northern Africa,Tunisia,,C,2000-2005,-7.961134164310018
173,788,Africa,Northern Africa,Tunisia,,C,2005-2010,-4.351816366243102
174,788,Africa,Northern Africa,Tunisia,,C,2010-2015,36.752269800944084
175,732,Africa,Northern Africa,Western Sahara,,I,1990-1995,
176,732,Africa,Northern Africa,Western Sahara,,I,1995-2000,
177,732,Africa,Northern Africa,Western Sahara,,I,2000-2005,
178,732,Africa,Northern Africa,Western Sahara,,I,2005-2010,
179,732,Africa,Northern Africa,Western Sahara,,I,2010-2015,
180,72,Africa,Southern Africa,Botswana,,C,1990-1995,-38.03261825483049
181,72,Africa,Southern Africa,Botswana,,C,1995-2000,44.80770875836112
182,72,Africa,Southern Africa,Botswana,,C,2000-2005,-11.509357023375502
183,72,Africa,Southern Africa,Botswana,,C,2005-2010,-6.974325339556084
184,72,Africa,Southern Africa,Botswana,,C,2010-2015,-7.213203883756582
185,426,Africa,Southern Africa,Lesotho,,C R,1990-1995,-11.166702697672113
186,426,Africa,Southern Africa,Lesotho,,C R,1995-2000,-137.24164423273805
187,426,Africa,Southern Africa,Lesotho,,C R,2000-2005,-0.3949714940598694
188,426,Africa,Southern Africa,Lesotho,,C R,2005-2010,
189,426,Africa,Southern Africa,Lesotho,,C R,2010-2015,
190,516,Africa,Southern Africa,Namibia,,B,1990-1995,
191,516,Africa,Southern Africa,Namibia,,B,1995-2000,52.65731702138658
192,516,Africa,Southern Africa,Namibia,,B,2000-2005,-28.033633662122213
193,516,Africa,Southern Africa,Namibia,,B,2005-2010,6.992229242529778
194,516,Africa,Southern Africa,Namibia,,B,2010-2015,-29.53335720458476
195,710,Africa,Southern Africa,South Africa,,B R,1990-1995,5.346087405129542
196,710,Africa,Southern Africa,South Africa,,B R,1995-2000,-38.09868285567228
197,710,Africa,Southern Africa,South Africa,,B R,2000-2005,9.796132638323181
198,710,Africa,Southern Africa,South Africa,,B R,2005-2010,3.8838258222699635
199,710,Africa,Southern Africa,South Africa,,B R,2010-2015,3.6154707077076673
200,748,Africa,Southern Africa,Swaziland,,B R,1990-1995,-60.42752837442566
201,748,Africa,Southern Africa,Swaziland,,B R,1995-2000,1.1911766219754643
202,748,Africa,Southern Africa,Swaziland,,B R,2000-2005,-1.4725254635609009
203,748,Africa,Southern Africa,Swaziland,,B R,2005-2010,-2.3766624768937135
204,748,Africa,Southern Africa,Swaziland,,B R,2010-2015,-7.043932599550313
205,204,Africa,Western Africa,Benin,,C B R,1990-1995,18.80358630045769
206,204,Africa,Western Africa,Benin,,C B R,1995-2000,5.962316008486574
207,204,Africa,Western Africa,Benin,,C B R,2000-2005,1.7191194258851774
208,204,Africa,Western Africa,Benin,,C B R,2005-2010,1.026017325655437
209,204,Africa,Western Africa,Benin,,C B R,2010-2015,-72.87061536744798
210,854,Africa,Western Africa,Burkina Faso,,B R,1990-1995,3.3117676301872385
211,854,Africa,Western Africa,Burkina Faso,,B R,1995-2000,1.9244064389498339
212,854,Africa,Western Africa,Burkina Faso,,B R,2000-2005,-5.140515247461059
213,854,Africa,Western Africa,Burkina Faso,,B R,2005-2010,-5.165474057621779
214,854,Africa,Western Africa,Burkina Faso,,B R,2010-2015,81.01521413783634
215,132,Africa,Western Africa,Cabo Verde,,B,1990-1995,
216,132,Africa,Western Africa,Cabo Verde,,B,1995-2000,
217,132,Africa,Western Africa,Cabo Verde,,B,2000-2005,
218,132,Africa,Western Africa,Cabo Verde,,B,2005-2010,
219,132,Africa,Western Africa,Cabo Verde,,B,2010-2015,
220,384,Africa,Western Africa,Côte d'Ivoire,,C B,1990-1995,12.951407466112967
221,384,Africa,Western Africa,Côte d'Ivoire,,C B,1995-2000,-17.262575814577602
222,384,Africa,Western Africa,Côte d'Ivoire,,C B,2000-2005,-21.456375620951608
223,384,Africa,Western Africa,Côte d'Ivoire,,C B,2005-2010,-10.068001281406664
224,384,Africa,Western Africa,Côte d'Ivoire,,C B,2010-2015,-45.190168182559596
225,270,Africa,Western Africa,Gambia,,B,1990-1995,97.72574230363713
226,270,Africa,Western Africa,Gambia,,B,1995-2000,8.180903694739627
227,270,Africa,Western Africa,Gambia,,B,2000-2005,-8.074105499298886
228,270,Africa,Western Africa,Gambia,,B,2005-2010,0.5086123437421373
229,270,Africa,Western Africa,Gambia,,B,2010-2015,5.805060727943958
230,288,Africa,Western Africa,Ghana,,B,1990-1995,51.63807220684568
231,288,Africa,Western Africa,Ghana,,B,1995-2000,-31.589890181772812
232,288,Africa,Western Africa,Ghana,,B,2000-2005,19.061407878619548
233,288,Africa,Western Africa,Ghana,,B,2005-2010,-29.106999426785645
234,288,Africa,Western Africa,Ghana,,B,2010-2015,2.3672210155598945
235,324,Africa,Western Africa,Guinea,,C R,1990-1995,1.5025743100966016
236,324,Africa,Western Africa,Guinea,,C R,1995-2000,-2.5856389967192888
237,324,Africa,Western Africa,Guinea,,C R,2000-2005,-20.282973453148262
238,324,Africa,Western Africa,Guinea,,C R,2005-2010,-27.83003788167044
239,324,Africa,Western Africa,Guinea,,C R,2010-2015,-11.676397085420032
240,624,Africa,Western Africa,Guinea-Bissau,,B R,1990-1995,20.652949669848336
241,624,Africa,Western Africa,Guinea-Bissau,,B R,1995-2000,-7.837028361218448
242,624,Africa,Western Africa,Guinea-Bissau,,B R,2000-2005,-0.20146793095853827
243,624,Africa,Western Africa,Guinea-Bissau,,B R,2005-2010,-0.14627271860279575
244,624,Africa,Western Africa,Guinea-Bissau,,B R,2010-2015,1.2870101077729474
245,430,Africa,Western Africa,Liberia,,B,1990-1995,121.61712895093689
246,430,Africa,Western Africa,Liberia,,B,1995-2000,-4.645348459217589
247,430,Africa,Western Africa,Liberia,,B,2000-2005,-27.289415667436405
248,430,Africa,Western Africa,Liberia,,B,2005-2010,15.21236770656807
249,430,Africa,Western Africa,Liberia,,B,2010-2015,5.9293229458691945
250,466,Africa,Western Africa,Mali,,B R,1990-1995,3.9567247839871076
251,466,Africa,Western Africa,Mali,,B R,1995-2000,-16.57492138436327
252,466,Africa,Western Africa,Mali,,B R,2000-2005,-0.29664365975011814
253,466,Africa,Western Africa,Mali,,B R,2005-2010,-1.6501856776763069
254,466,Africa,Western Africa,Mali,,B R,2010-2015,-0.13983204150401402
255,478,Africa,Western Africa,Mauritania,,C R,1990-1995,-6.72049152506167
256,478,Africa,Western Africa,Mauritania,,C R,1995-2000,-82.84449851025784
257,478,Africa,Western Africa,Mauritania,,C R,2000-2005,11.55830800443687
258,478,Africa,Western Africa,Mauritania,,C R,2005-2010,67.35581894982315
259,478,Africa,Western Africa,Mauritania,,C R,2010-2015,12.133593524412545
260,562,Africa,Western Africa,Niger,,B R,1990-1995,66.34330929037799
261,562,Africa,Western Africa,Niger,,B R,1995-2000,-119.76949954644445
262,562,Africa,Western Africa,Niger,,B R,2000-2005,32.5764952996859
263,562,Africa,Western Africa,Niger,,B R,2005-2010,0.5263490458554113
264,562,Africa,Western Africa,Niger,,B R,2010-2015,97.34949259604704
265,566,Africa,Western Africa,Nigeria,,C R,1990-1995,16.147339614028684
266,566,Africa,Western Africa,Nigeria,,C R,1995-2000,-3.2535241189984507
267,566,Africa,Western Africa,Nigeria,,C R,2000-2005,-1.3653854387320359
268,566,Africa,Western Africa,Nigeria,,C R,2005-2010,-7.624091690474103
269,566,Africa,Western Africa,Nigeria,,C R,2010-2015,-40.16560380069254
270,654,Africa,Western Africa,Saint Helena,(4),B,1990-1995,
271,654,Africa,Western Africa,Saint Helena,(4),B,1995-2000,
272,654,Africa,Western Africa,Saint Helena,(4),B,2000-2005,
273,654,Africa,Western Africa,Saint Helena,(4),B,2005-2010,
274,654,Africa,Western Africa,Saint Helena,(4),B,2010-2015,
275,686,Africa,Western Africa,Senegal,,B R,1990-1995,1.5406093344738816
276,686,Africa,Western Africa,Senegal,,B R,1995-2000,-17.255311784301963
277,686,Africa,Western Africa,Senegal,,B R,2000-2005,-0.0005092640172317571
278,686,Africa,Western Africa,Senegal,,B R,2005-2010,-1.8663776353641512
279,686,Africa,Western Africa,Senegal,,B R,2010-2015,-9.983926896066906
280,694,Africa,Western Africa,Sierra Leone,,B R,1990-1995,-33.18926187581787
281,694,Africa,Western Africa,Sierra Leone,,B R,1995-2000,-9.605425699770317
282,694,Africa,Western Africa,Sierra Leone,,B R,2000-2005,35.885303964223944
283,694,Africa,Western Africa,Sierra Leone,,B R,2005-2010,-30.824769309579036
284,694,Africa,Western Africa,Sierra Leone,,B R,2010-2015,-23.61873478676614
285,768,Africa,Western Africa,Togo,,C R,1990-1995,19.20653503183523
286,768,Africa,Western Africa,Togo,,C R,1995-2000,-3.7765284730051976
287,768,Africa,Western Africa,Togo,,C R,2000-2005,-13.26623130925942
288,768,Africa,Western Africa,Togo,,C R,2005-2010,3.7371751920918435
289,768,Africa,Western Africa,Togo,,C R,2010-2015,7.493143971935634
290,398,Asia,Central Asia,Kazakhstan,,B,1990-1995,
291,398,Asia,Central Asia,Kazakhstan,,B,1995-2000,16.310362739339585
292,398,Asia,Central Asia,Kazakhstan,,B,2000-2005,-19.344815518505598
293,398,Asia,Central Asia,Kazakhstan,,B,2005-2010,-11.442070779272196
294,398,Asia,Central Asia,Kazakhstan,,B,2010-2015,-40.038641228976545
295,417,Asia,Central Asia,Kyrgyzstan,,B,1990-1995,
296,417,Asia,Central Asia,Kyrgyzstan,,B,1995-2000,19.260643320046114
297,417,Asia,Central Asia,Kyrgyzstan,,B,2000-2005,-5.353030216474918
298,417,Asia,Central Asia,Kyrgyzstan,,B,2005-2010,-13.711309184013304
299,417,Asia,Central Asia,Kyrgyzstan,,B,2010-2015,-30.09045158617491
300,762,Asia,Central Asia,Tajikistan,,B,1990-1995,-27.37246814998373
301,762,Asia,Central Asia,Tajikistan,,B,1995-2000,67.23858421655922
302,762,Asia,Central Asia,Tajikistan,,B,2000-2005,-52.98456887766586
303,762,Asia,Central Asia,Tajikistan,,B,2005-2010,22.634377177862994
304,762,Asia,Central Asia,Tajikistan,,B,2010-2015,-6.698358641926778
305,795,Asia,Central Asia,Turkmenistan,,B,1990-1995,
306,795,Asia,Central Asia,Turkmenistan,,B,1995-2000,-5.445621376473777
307,795,Asia,Central Asia,Turkmenistan,,B,2000-2005,-2.906653924314077
308,795,Asia,Central Asia,Turkmenistan,,B,2005-2010,-103.78137675841386
309,795,Asia,Central Asia,Turkmenistan,,B,2010-2015,-10.710731848184253
310,860,Asia,Central Asia,Uzbekistan,,B,1990-1995,
311,860,Asia,Central Asia,Uzbekistan,,B,1995-2000,55.0902322585552
312,860,Asia,Central Asia,Uzbekistan,,B,2000-2005,3.836539589920216
313,860,Asia,Central Asia,Uzbekistan,,B,2005-2010,-97.30603267294873
314,860,Asia,Central Asia,Uzbekistan,,B,2010-2015,-16.1648526270091
315,156,Asia,Eastern Asia,China,(5),C,1990-1995,-2.9490221040940754
316,156,Asia,Eastern Asia,China,(5),C,1995-2000,-2.5044579015788844
317,156,Asia,Eastern Asia,China,(5),C,2000-2005,-5.553482248149107
318,156,Asia,Eastern Asia,China,(5),C,2005-2010,-4.2472486002957455
319,156,Asia,Eastern Asia,China,(5),C,2010-2015,-2.8052928345900625
320,344,Asia,Eastern Asia,"China, Hong Kong Special Administrative Region",(6),B,1990-1995,-13.94410155176887
321,344,Asia,Eastern Asia,"China, Hong Kong Special Administrative Region",(6),B,1995-2000,-36.413840952921724
322,344,Asia,Eastern Asia,"China, Hong Kong Special Administrative Region",(6),B,2000-2005,-11.31017161600016
323,344,Asia,Eastern Asia,"China, Hong Kong Special Administrative Region",(6),B,2005-2010,-26.49507643729403
324,344,Asia,Eastern Asia,"China, Hong Kong Special Administrative Region",(6),B,2010-2015,3.1416445178361103
325,446,Asia,Eastern Asia,"China, Macao Special Administrative Region",(7),B,1990-1995,
326,446,Asia,Eastern Asia,"China, Macao Special Administrative Region",(7),B,1995-2000,
327,446,Asia,Eastern Asia,"China, Macao Special Administrative Region",(7),B,2000-2005,
328,446,Asia,Eastern Asia,"China, Macao Special Administrative Region",(7),B,2005-2010,
329,446,Asia,Eastern Asia,"China, Macao Special Administrative Region",(7),B,2010-2015,
330,408,Asia,Eastern Asia,Democratic People's Republic of Korea,,I,1990-1995,
331,408,Asia,Eastern Asia,Democratic People's Republic of Korea,,I,1995-2000,
332,408,Asia,Eastern Asia,Democratic People's Republic of Korea,,I,2000-2005,
333,408,Asia,Eastern Asia,Democratic People's Republic of Korea,,I,2005-2010,
334,408,Asia,Eastern Asia,Democratic People's Republic of Korea,,I,2010-2015,
335,392,Asia,Eastern Asia,Japan,,C,1990-1995,-9.451851762146775
336,392,Asia,Eastern Asia,Japan,,C,1995-2000,-10.987542649399277
337,392,Asia,Eastern Asia,Japan,,C,2000-2005,-16.719500840096263
338,392,Asia,Eastern Asia,Japan,,C,2005-2010,4.568489673454324
339,392,Asia,Eastern Asia,Japan,,C,2010-2015,0.6623078650053819
340,496,Asia,Eastern Asia,Mongolia,,C,1990-1995,
341,496,Asia,Eastern Asia,Mongolia,,C,1995-2000,
342,496,Asia,Eastern Asia,Mongolia,,C,2000-2005,
343,496,Asia,Eastern Asia,Mongolia,,C,2005-2010,
344,496,Asia,Eastern Asia,Mongolia,,C,2010-2015,-29.57870017094328
345,410,Asia,Eastern Asia,Republic of Korea,,C,1990-1995,
346,410,Asia,Eastern Asia,Republic of Korea,,C,1995-2000,-9.924282456674637
347,410,Asia,Eastern Asia,Republic of Korea,,C,2000-2005,35.0994094394292
348,410,Asia,Eastern Asia,Republic of Korea,,C,2005-2010,20.162303936680097
349,410,Asia,Eastern Asia,Republic of Korea,,C,2010-2015,10.504250817225092
350,96,Asia,South-Eastern Asia,Brunei Darussalam,,B,1990-1995,
351,96,Asia,South-Eastern Asia,Brunei Darussalam,,B,1995-2000,
352,96,Asia,South-Eastern Asia,Brunei Darussalam,,B,2000-2005,
353,96,Asia,South-Eastern Asia,Brunei Darussalam,,B,2005-2010,
354,96,Asia,South-Eastern Asia,Brunei Darussalam,,B,2010-2015,
355,116,Asia,South-Eastern Asia,Cambodia,,B,1990-1995,
356,116,Asia,South-Eastern Asia,Cambodia,,B,1995-2000,7.168142733606135
357,116,Asia,South-Eastern Asia,Cambodia,,B,2000-2005,31.777844573357
358,116,Asia,South-Eastern Asia,Cambodia,,B,2005-2010,6.446191500872392
359,116,Asia,South-Eastern Asia,Cambodia,,B,2010-2015,-2.2509550653494683
360,360,Asia,South-Eastern Asia,Indonesia,,B R,1990-1995,-43.068727670366016
361,360,Asia,South-Eastern Asia,Indonesia,,B R,1995-2000,136.37781226344265
362,360,Asia,South-Eastern Asia,Indonesia,,B R,2000-2005,-117.08461484040049
363,360,Asia,South-Eastern Asia,Indonesia,,B R,2005-2010,12.821927249151916
364,360,Asia,South-Eastern Asia,Indonesia,,B R,2010-2015,31.743725555086016
365,418,Asia,South-Eastern Asia,Lao People's Democratic Republic,,C R,1990-1995,
366,418,Asia,South-Eastern Asia,Lao People's Democratic Republic,,C R,1995-2000,
367,418,Asia,South-Eastern Asia,Lao People's Democratic Republic,,C R,2000-2005,
368,418,Asia,South-Eastern Asia,Lao People's Democratic Republic,,C R,2005-2010,
369,418,Asia,South-Eastern Asia,Lao People's Democratic Republic,,C R,2010-2015,
370,458,Asia,South-Eastern Asia,Malaysia,(8),C R,1990-1995,3.055822833617981
371,458,Asia,South-Eastern Asia,Malaysia,(8),C R,1995-2000,9.258167167217197
372,458,Asia,South-Eastern Asia,Malaysia,(8),C R,2000-2005,-14.068474813549377
373,458,Asia,South-Eastern Asia,Malaysia,(8),C R,2005-2010,10.984503673382713
374,458,Asia,South-Eastern Asia,Malaysia,(8),C R,2010-2015,2.8455320231189676
375,104,Asia,South-Eastern Asia,Myanmar,,C,1990-1995,
376,104,Asia,South-Eastern Asia,Myanmar,,C,1995-2000,
377,104,Asia,South-Eastern Asia,Myanmar,,C,2000-2005,
378,104,Asia,South-Eastern Asia,Myanmar,,C,2005-2010,
379,104,Asia,South-Eastern Asia,Myanmar,,C,2010-2015,
380,608,Asia,South-Eastern Asia,Philippines,,C R,1990-1995,-70.6060155812786
381,608,Asia,South-Eastern Asia,Philippines,,C R,1995-2000,-38.41229417344431
382,608,Asia,South-Eastern Asia,Philippines,,C R,2000-2005,-7.893623276061325
383,608,Asia,South-Eastern Asia,Philippines,,C R,2005-2010,22.7838988743626
384,608,Asia,South-Eastern Asia,Philippines,,C R,2010-2015,-5.336715978194532
385,702,Asia,South-Eastern Asia,Singapore,,B,1990-1995,-11.500636640055326
386,702,Asia,South-Eastern Asia,Singapore,,B,1995-2000,
387,702,Asia,South-Eastern Asia,Singapore,,B,2000-2005,
388,702,Asia,South-Eastern Asia,Singapore,,B,2005-2010,12.236266643849252
389,702,Asia,South-Eastern Asia,Singapore,,B,2010-2015,-20.17135986661391
390,764,Asia,South-Eastern Asia,Thailand,,B R,1990-1995,-7.218080803457169
391,764,Asia,South-Eastern Asia,Thailand,,B R,1995-2000,-9.111515905033288
392,764,Asia,South-Eastern Asia,Thailand,,B R,2000-2005,-8.666441236193457
393,764,Asia,South-Eastern Asia,Thailand,,B R,2005-2010,-11.804653194410019
394,764,Asia,South-Eastern Asia,Thailand,,B R,2010-2015,2.4813736929663164
395,626,Asia,South-Eastern Asia,Timor-Leste,,B,1990-1995,
396,626,Asia,South-Eastern Asia,Timor-Leste,,B,1995-2000,
397,626,Asia,South-Eastern Asia,Timor-Leste,,B,2000-2005,
398,626,Asia,South-Eastern Asia,Timor-Leste,,B,2005-2010,-21.427957838547407
399,626,Asia,South-Eastern Asia,Timor-Leste,,B,2010-2015,
400,704,Asia,South-Eastern Asia,Viet Nam,,C R,1990-1995,-2.2824627481444617
401,704,Asia,South-Eastern Asia,Viet Nam,,C R,1995-2000,-17.413753308488314
402,704,Asia,South-Eastern Asia,Viet Nam,,C R,2000-2005,-36.39603471607807
403,704,Asia,South-Eastern Asia,Viet Nam,,C R,2005-2010,-7.546507335807109
404,704,Asia,South-Eastern Asia,Viet Nam,,C R,2010-2015,
405,4,Asia,Southern Asia,Afghanistan,,B,1990-1995,128.99347009872616
406,4,Asia,Southern Asia,Afghanistan,,B,1995-2000,
407,4,Asia,Southern Asia,Afghanistan,,B,2000-2005,
408,4,Asia,Southern Asia,Afghanistan,,B,2005-2010,102.91169186982982
409,4,Asia,Southern Asia,Afghanistan,,B,2010-2015,50.501738813329766
410,50,Asia,Southern Asia,Bangladesh,,B R,1990-1995,99.12644125628034
411,50,Asia,Southern Asia,Bangladesh,,B R,1995-2000,12.691028714043126
412,50,Asia,Southern Asia,Bangladesh,,B R,2000-2005,31.58472627350711
413,50,Asia,Southern Asia,Bangladesh,,B R,2005-2010,9.184295731224765
414,50,Asia,Southern Asia,Bangladesh,,B R,2010-2015,-0.8281028749963062
415,64,Asia,Southern Asia,Bhutan,,B,1990-1995,
416,64,Asia,Southern Asia,Bhutan,,B,1995-2000,
417,64,Asia,Southern Asia,Bhutan,,B,2000-2005,
418,64,Asia,Southern Asia,Bhutan,,B,2005-2010,
419,64,Asia,Southern Asia,Bhutan,,B,2010-2015,
420,356,Asia,Southern Asia,India,,B R,1990-1995,15.823010487452633
421,356,Asia,Southern Asia,India,,B R,1995-2000,-4.094758475317599
422,356,Asia,Southern Asia,India,,B R,2000-2005,-2.514088088177536
423,356,Asia,Southern Asia,India,,B R,2005-2010,7.375714263779207
424,356,Asia,Southern Asia,India,,B R,2010-2015,2.1754643223511025
425,364,Asia,Southern Asia,Iran (Islamic Republic of),,B R,1990-1995,-2.973811722744841
426,364,Asia,Southern Asia,Iran (Islamic Republic of),,B R,1995-2000,-1.313759747607739
427,364,Asia,Southern Asia,Iran (Islamic Republic of),,B R,2000-2005,-11.094558155345076
428,364,Asia,Southern Asia,Iran (Islamic Republic of),,B R,2005-2010,0.4905367449128475
429,364,Asia,Southern Asia,Iran (Islamic Republic of),,B R,2010-2015,-1.5214043056781672
430,462,Asia,Southern Asia,Maldives,,C R,1990-1995,
431,462,Asia,Southern Asia,Maldives,,C R,1995-2000,
432,462,Asia,Southern Asia,Maldives,,C R,2000-2005,
433,462,Asia,Southern Asia,Maldives,,C R,2005-2010,
434,462,Asia,Southern Asia,Maldives,,C R,2010-2015,
435,524,Asia,Southern Asia,Nepal,,B R,1990-1995,30.018007270401686
436,524,Asia,Southern Asia,Nepal,,B R,1995-2000,-0.0801704475207511
437,524,Asia,Southern Asia,Nepal,,B R,2000-2005,0.6624931409582596
438,524,Asia,Southern Asia,Nepal,,B R,2005-2010,-4.1470684460656555
439,524,Asia,Southern Asia,Nepal,,B R,2010-2015,-12.72248241617972
440,586,Asia,Southern Asia,Pakistan,,B R,1990-1995,-9.46506156491099
441,586,Asia,Southern Asia,Pakistan,,B R,1995-2000,7.574350809584731
442,586,Asia,Southern Asia,Pakistan,,B R,2000-2005,-6.718041123926858
443,586,Asia,Southern Asia,Pakistan,,B R,2005-2010,6.867763937271743
444,586,Asia,Southern Asia,Pakistan,,B R,2010-2015,-1.6617569302503168
445,144,Asia,Southern Asia,Sri Lanka,,B R,1990-1995,1.6402853976376566
446,144,Asia,Southern Asia,Sri Lanka,,B R,1995-2000,0.3502491546312611
447,144,Asia,Southern Asia,Sri Lanka,,B R,2000-2005,38.1213141943482
448,144,Asia,Southern Asia,Sri Lanka,,B R,2005-2010,15.163630989450022
449,144,Asia,Southern Asia,Sri Lanka,,B R,2010-2015,6.588863916581783
450,51,Asia,Western Asia,Armenia,,B R,1990-1995,
451,51,Asia,Western Asia,Armenia,,B R,1995-2000,6.029445505426408
452,51,Asia,Western Asia,Armenia,,B R,2000-2005,1.8575676093473028
453,51,Asia,Western Asia,Armenia,,B R,2005-2010,-40.43376173943948
454,51,Asia,Western Asia,Armenia,,B R,2010-2015,4.278628594408373
455,31,Asia,Western Asia,Azerbaijan,(9),B R,1990-1995,
456,31,Asia,Western Asia,Azerbaijan,(9),B R,1995-2000,-28.070784259939174
457,31,Asia,Western Asia,Azerbaijan,(9),B R,2000-2005,-53.330831744263804
458,31,Asia,Western Asia,Azerbaijan,(9),B R,2005-2010,-10.412795201146034
459,31,Asia,Western Asia,Azerbaijan,(9),B R,2010-2015,-5.543471955765737
460,48,Asia,Western Asia,Bahrain,,C,1990-1995,-17.305643197358936
461,48,Asia,Western Asia,Bahrain,,C,1995-2000,-138.85086156420172
462,48,Asia,Western Asia,Bahrain,,C,2000-2005,77.90708097914789
463,48,Asia,Western Asia,Bahrain,,C,2005-2010,3.9915647027520285
464,48,Asia,Western Asia,Bahrain,,C,2010-2015,10.530224447647178
465,196,Asia,Western Asia,Cyprus,(10),B,1990-1995,17.268071416516186
466,196,Asia,Western Asia,Cyprus,(10),B,1995-2000,5.497316920604295
467,196,Asia,Western Asia,Cyprus,(10),B,2000-2005,31.943797890206138
468,196,Asia,Western Asia,Cyprus,(10),B,2005-2010,22.09614904053239
469,196,Asia,Western Asia,Cyprus,(10),B,2010-2015,3.7848685509596947
470,268,Asia,Western Asia,Georgia,(11),B,1990-1995,
471,268,Asia,Western Asia,Georgia,(11),B,1995-2000,18.702842297063697
472,268,Asia,Western Asia,Georgia,(11),B,2000-2005,-10.158706318790797
473,268,Asia,Western Asia,Georgia,(11),B,2005-2010,-32.28171770004541
474,268,Asia,Western Asia,Georgia,(11),B,2010-2015,7.398459910027344
475,368,Asia,Western Asia,Iraq,,C R,1990-1995,79.92079604093063
476,368,Asia,Western Asia,Iraq,,C R,1995-2000,0.7315816059131601
477,368,Asia,Western Asia,Iraq,,C R,2000-2005,-9.498269524094864
478,368,Asia,Western Asia,Iraq,,C R,2005-2010,-4.920270984031144
479,368,Asia,Western Asia,Iraq,,C R,2010-2015,19.077045590992107
480,376,Asia,Western Asia,Israel,,B R,1990-1995,
481,376,Asia,Western Asia,Israel,,B R,1995-2000,13.213795398828127
482,376,Asia,Western Asia,Israel,,B R,2000-2005,-6.526927447302019
483,376,Asia,Western Asia,Israel,,B R,2005-2010,55.3749179797964
484,376,Asia,Western Asia,Israel,,B R,2010-2015,12.139807359061598
485,400,Asia,Western Asia,Jordan,,C R,1990-1995,0.06488569000996941
486,400,Asia,Western Asia,Jordan,,C R,1995-2000,0.03848322678892161
487,400,Asia,Western Asia,Jordan,,C R,2000-2005,0.7947055788783097
488,400,Asia,Western Asia,Jordan,,C R,2005-2010,0.5441335959472337
489,400,Asia,Western Asia,Jordan,,C R,2010-2015,0.2892833276037786
490,414,Asia,Western Asia,Kuwait,,C R,1990-1995,-41.04888889259297
491,414,Asia,Western Asia,Kuwait,,C R,1995-2000,-7.522297163308177
492,414,Asia,Western Asia,Kuwait,,C R,2000-2005,-15.357586759423919
493,414,Asia,Western Asia,Kuwait,,C R,2005-2010,-49.05168582500743
494,414,Asia,Western Asia,Kuwait,,C R,2010-2015,15.577088155334055
495,422,Asia,Western Asia,Lebanon,,B R,1990-1995,-0.697346175610278
496,422,Asia,Western Asia,Lebanon,,B R,1995-2000,-0.5437149096573528
497,422,Asia,Western Asia,Lebanon,,B R,2000-2005,0.302693528906207
498,422,Asia,Western Asia,Lebanon,,B R,2005-2010,0.2520573498256895
499,422,Asia,Western Asia,Lebanon,,B R,2010-2015,7.23846702543877
500,512,Asia,Western Asia,Oman,,C,1990-1995,
501,512,Asia,Western Asia,Oman,,C,1995-2000,
502,512,Asia,Western Asia,Oman,,C,2000-2005,
503,512,Asia,Western Asia,Oman,,C,2005-2010,44.15286815866257
504,512,Asia,Western Asia,Oman,,C,2010-2015,-3.3660000279942466
505,634,Asia,Western Asia,Qatar,,C,1990-1995,
506,634,Asia,Western Asia,Qatar,,C,1995-2000,
507,634,Asia,Western Asia,Qatar,,C,2000-2005,-3.818470965270547
508,634,Asia,Western Asia,Qatar,,C,2005-2010,-14.194157109894073
509,634,Asia,Western Asia,Qatar,,C,2010-2015,15.300138276929856
510,682,Asia,Western Asia,Saudi Arabia,,C R,1990-1995,-19.021502537805475
511,682,Asia,Western Asia,Saudi Arabia,,C R,1995-2000,-18.711095815543853
512,682,Asia,Western Asia,Saudi Arabia,,C R,2000-2005,72.05689515393068
513,682,Asia,Western Asia,Saudi Arabia,,C R,2005-2010,-126.64104466410673
514,682,Asia,Western Asia,Saudi Arabia,,C R,2010-2015,-4.406536598372758
515,275,Asia,Western Asia,State of Palestine,(12),B,1990-1995,5.286324092803866
516,275,Asia,Western Asia,State of Palestine,(12),B,1995-2000,4.3562017948522564
517,275,Asia,Western Asia,State of Palestine,(12),B,2000-2005,4.1900007881617745
518,275,Asia,Western Asia,State of Palestine,(12),B,2005-2010,3.672872773364437
519,275,Asia,Western Asia,State of Palestine,(12),B,2010-2015,1.151560475509583
520,760,Asia,Western Asia,Syrian Arab Republic,,C R,1990-1995,2.0075060125911515
521,760,Asia,Western Asia,Syrian Arab Republic,,C R,1995-2000,1.2652545426315993
522,760,Asia,Western Asia,Syrian Arab Republic,,C R,2000-2005,2.101779506799708
523,760,Asia,Western Asia,Syrian Arab Republic,,C R,2005-2010,10.854906985333775
524,760,Asia,Western Asia,Syrian Arab Republic,,C R,2010-2015,-1.7956883348493415
525,792,Asia,Western Asia,Turkey,,B R,1990-1995,-18.206282593592054
526,792,Asia,Western Asia,Turkey,,B R,1995-2000,-29.443537740685798
527,792,Asia,Western Asia,Turkey,,B R,2000-2005,-5.735160879059604
528,792,Asia,Western Asia,Turkey,,B R,2005-2010,27.902747035503662
529,792,Asia,Western Asia,Turkey,,B R,2010-2015,85.79702203073835
530,784,Asia,Western Asia,United Arab Emirates,,C R,1990-1995,-7.9122536169980355
531,784,Asia,Western Asia,United Arab Emirates,,C R,1995-2000,0.5811057409225303
532,784,Asia,Western Asia,United Arab Emirates,,C R,2000-2005,-39.61080433977154
533,784,Asia,Western Asia,United Arab Emirates,,C R,2005-2010,16.829592891601244
534,784,Asia,Western Asia,United Arab Emirates,,C R,2010-2015,-2.93500408510181
535,887,Asia,Western Asia,Yemen,,C R,1990-1995,2.2765492979470765
536,887,Asia,Western Asia,Yemen,,C R,1995-2000,1.4831342176874953
537,887,Asia,Western Asia,Yemen,,C R,2000-2005,2.5467063599458664
538,887,Asia,Western Asia,Yemen,,C R,2005-2010,6.5645230782949175
539,887,Asia,Western Asia,Yemen,,C R,2010-2015,1.0576478943255139
540,112,Europe,Eastern Europe,Belarus,,B,1990-1995,
541,112,Europe,Eastern Europe,Belarus,,B,1995-2000,14.893284554400527
542,112,Europe,Eastern Europe,Belarus,,B,2000-2005,5.855457919905256
543,112,Europe,Eastern Europe,Belarus,,B,2005-2010,4.646636605474727
544,112,Europe,Eastern Europe,Belarus,,B,2010-2015,9.164894682045349
545,100,Europe,Eastern Europe,Bulgaria,,B,1990-1995,
546,100,Europe,Eastern Europe,Bulgaria,,B,1995-2000,-3.5990242659501357
547,100,Europe,Eastern Europe,Bulgaria,,B,2000-2005,15.08052099906797
548,100,Europe,Eastern Europe,Bulgaria,,B,2005-2010,0.06433570499302291
549,100,Europe,Eastern Europe,Bulgaria,,B,2010-2015,8.006061128480525
550,203,Europe,Eastern Europe,Czech Republic,,C,1990-1995,
551,203,Europe,Eastern Europe,Czech Republic,,C,1995-2000,-21.486632915542366
552,203,Europe,Eastern Europe,Czech Republic,,C,2000-2005,0.699122650901287
553,203,Europe,Eastern Europe,Czech Republic,,C,2005-2010,1.644518195907797
554,203,Europe,Eastern Europe,Czech Republic,,C,2010-2015,3.554057674081511
555,348,Europe,Eastern Europe,Hungary,,B R,1990-1995,-20.606655167591153
556,348,Europe,Eastern Europe,Hungary,,B R,1995-2000,-15.65754883742166
557,348,Europe,Eastern Europe,Hungary,,B R,2000-2005,5.183154757932297
558,348,Europe,Eastern Europe,Hungary,,B R,2005-2010,-11.409193489989997
559,348,Europe,Eastern Europe,Hungary,,B R,2010-2015,-14.554155150518081
560,616,Europe,Eastern Europe,Poland,,B,1990-1995,
561,616,Europe,Eastern Europe,Poland,,B,1995-2000,13.73567510416954
562,616,Europe,Eastern Europe,Poland,,B,2000-2005,32.801611387872626
563,616,Europe,Eastern Europe,Poland,,B,2005-2010,26.698977812024022
564,616,Europe,Eastern Europe,Poland,,B,2010-2015,1.8339022399533924
565,498,Europe,Eastern Europe,Republic of Moldova,(13),B,1990-1995,
566,498,Europe,Eastern Europe,Republic of Moldova,(13),B,1995-2000,
567,498,Europe,Eastern Europe,Republic of Moldova,(13),B,2000-2005,11.30471817184346
568,498,Europe,Eastern Europe,Republic of Moldova,(13),B,2005-2010,13.294241214201877
569,498,Europe,Eastern Europe,Republic of Moldova,(13),B,2010-2015,14.931062083604491
570,642,Europe,Eastern Europe,Romania,,B,1990-1995,
571,642,Europe,Eastern Europe,Romania,,B,1995-2000,44.46852135363024
572,642,Europe,Eastern Europe,Romania,,B,2000-2005,1.298637092821562
573,642,Europe,Eastern Europe,Romania,,B,2005-2010,-15.437401284740451
574,642,Europe,Eastern Europe,Romania,,B,2010-2015,5.908087401099558
575,643,Europe,Eastern Europe,Russian Federation,,B,1990-1995,
576,643,Europe,Eastern Europe,Russian Federation,,B,1995-2000,
577,643,Europe,Eastern Europe,Russian Federation,,B,2000-2005,-56.5561312767093
578,643,Europe,Eastern Europe,Russian Federation,,B,2005-2010,24.288125477881195
579,643,Europe,Eastern Europe,Russian Federation,,B,2010-2015,76.59538937667507
580,703,Europe,Eastern Europe,Slovakia,,B,1990-1995,
581,703,Europe,Eastern Europe,Slovakia,,B,1995-2000,-20.161835926327647
582,703,Europe,Eastern Europe,Slovakia,,B,2000-2005,-6.621567662427777
583,703,Europe,Eastern Europe,Slovakia,,B,2005-2010,2.2166038794288014
584,703,Europe,Eastern Europe,Slovakia,,B,2010-2015,4.553528211830342
585,804,Europe,Eastern Europe,Ukraine,,B,1990-1995,
586,804,Europe,Eastern Europe,Ukraine,,B,1995-2000,-9.095013721752133
587,804,Europe,Eastern Europe,Ukraine,,B,2000-2005,-2.7843895114682096
588,804,Europe,Eastern Europe,Ukraine,,B,2005-2010,2.3854088916340244
589,804,Europe,Eastern Europe,Ukraine,,B,2010-2015,4.265551885719477
590,830,Europe,Northern Europe,Channel Islands,(14),B,1990-1995,
591,830,Europe,Northern Europe,Channel Islands,(14),B,1995-2000,
592,830,Europe,Northern Europe,Channel Islands,(14),B,2000-2005,
593,830,Europe,Northern Europe,Channel Islands,(14),B,2005-2010,
594,830,Europe,Northern Europe,Channel Islands,(14),B,2010-2015,
595,208,Europe,Northern Europe,Denmark,,B,1990-1995,4.326392152652272
596,208,Europe,Northern Europe,Denmark,,B,1995-2000,2.3255581697875622
597,208,Europe,Northern Europe,Denmark,,B,2000-2005,-12.732295823184502
598,208,Europe,Northern Europe,Denmark,,B,2005-2010,-20.875600964505697
599,208,Europe,Northern Europe,Denmark,,B,2010-2015,-2.4764096115004905
600,233,Europe,Northern Europe,Estonia,,B,1990-1995,
601,233,Europe,Northern Europe,Estonia,,B,1995-2000,18.57213533501086
602,233,Europe,Northern Europe,Estonia,,B,2000-2005,48.3367949373007
603,233,Europe,Northern Europe,Estonia,,B,2005-2010,13.78182761291705
604,233,Europe,Northern Europe,Estonia,,B,2010-2015,16.097777388410822
605,234,Europe,Northern Europe,Faeroe Islands,,B,1990-1995,
606,234,Europe,Northern Europe,Faeroe Islands,,B,1995-2000,
607,234,Europe,Northern Europe,Faeroe Islands,,B,2000-2005,
608,234,Europe,Northern Europe,Faeroe Islands,,B,2005-2010,
609,234,Europe,Northern Europe,Faeroe Islands,,B,2010-2015,
610,246,Europe,Northern Europe,Finland,(15),B,1990-1995,15.989000924582164
611,246,Europe,Northern Europe,Finland,(15),B,1995-2000,4.551159112273564
612,246,Europe,Northern Europe,Finland,(15),B,2000-2005,-10.522135319458506
613,246,Europe,Northern Europe,Finland,(15),B,2005-2010,-9.563819065184125
614,246,Europe,Northern Europe,Finland,(15),B,2010-2015,0.2615086960210505
615,352,Europe,Northern Europe,Iceland,,B,1990-1995,18.75823790877387
616,352,Europe,Northern Europe,Iceland,,B,1995-2000,6.2524017750638565
617,352,Europe,Northern Europe,Iceland,,B,2000-2005,-17.560278952157198
618,352,Europe,Northern Europe,Iceland,,B,2005-2010,-20.254543808891544
619,352,Europe,Northern Europe,Iceland,,B,2010-2015,-2.32750991228632
620,372,Europe,Northern Europe,Ireland,,B,1990-1995,0.6003647266917345
621,372,Europe,Northern Europe,Ireland,,B,1995-2000,29.408503750907304
622,372,Europe,Northern Europe,Ireland,,B,2000-2005,9.075189886950337
623,372,Europe,Northern Europe,Ireland,,B,2005-2010,0.6367361500766405
624,372,Europe,Northern Europe,Ireland,,B,2010-2015,-8.768091342516493
625,833,Europe,Northern Europe,Isle of Man,,B,1990-1995,
626,833,Europe,Northern Europe,Isle of Man,,B,1995-2000,
627,833,Europe,Northern Europe,Isle of Man,,B,2000-2005,
628,833,Europe,Northern Europe,Isle of Man,,B,2005-2010,
629,833,Europe,Northern Europe,Isle of Man,,B,2010-2015,
630,428,Europe,Northern Europe,Latvia,,B,1990-1995,
631,428,Europe,Northern Europe,Latvia,,B,1995-2000,15.668962381817478
632,428,Europe,Northern Europe,Latvia,,B,2000-2005,36.48719217775454
633,428,Europe,Northern Europe,Latvia,,B,2005-2010,15.294515977086757
634,428,Europe,Northern Europe,Latvia,,B,2010-2015,21.250319774391834
635,440,Europe,Northern Europe,Lithuania,,B,1990-1995,
636,440,Europe,Northern Europe,Lithuania,,B,1995-2000,
637,440,Europe,Northern Europe,Lithuania,,B,2000-2005,46.61025796495021
638,440,Europe,Northern Europe,Lithuania,,B,2005-2010,12.7589929862192
639,440,Europe,Northern Europe,Lithuania,,B,2010-2015,6.72454008476001
640,578,Europe,Northern Europe,Norway,(16),B,1990-1995,13.932686979315529
641,578,Europe,Northern Europe,Norway,(16),B,1995-2000,-4.4824187685756005
642,578,Europe,Northern Europe,Norway,(16),B,2000-2005,-6.2762277801657955
643,578,Europe,Northern Europe,Norway,(16),B,2005-2010,-8.883487631398838
644,578,Europe,Northern Europe,Norway,(16),B,2010-2015,-4.133868901235816
645,752,Europe,Northern Europe,Sweden,,B,1990-1995,5.942125843952627
646,752,Europe,Northern Europe,Sweden,,B,1995-2000,-6.1326118049906215
647,752,Europe,Northern Europe,Sweden,,B,2000-2005,-17.119723329970167
648,752,Europe,Northern Europe,Sweden,,B,2005-2010,-2.1831458469751
649,752,Europe,Northern Europe,Sweden,,B,2010-2015,3.0892785484129113
650,826,Europe,Northern Europe,United Kingdom of Great Britain and Northern Ireland,,B,1990-1995,12.19874713012257
651,826,Europe,Northern Europe,United Kingdom of Great Britain and Northern Ireland,,B,1995-2000,11.752859408347886
652,826,Europe,Northern Europe,United Kingdom of Great Britain and Northern Ireland,,B,2000-2005,5.236703601811591
653,826,Europe,Northern Europe,United Kingdom of Great Britain and Northern Ireland,,B,2005-2010,-9.816091560702187
654,826,Europe,Northern Europe,United Kingdom of Great Britain and Northern Ireland,,B,2010-2015,-15.051151927973372
655,8,Europe,Southern Europe,Albania,,B,1990-1995,7.507895984749643
656,8,Europe,Southern Europe,Albania,,B,1995-2000,-45.253018161082565
657,8,Europe,Southern Europe,Albania,,B,2000-2005,-31.775281239343045
658,8,Europe,Southern Europe,Albania,,B,2005-2010,5.768320622186542
659,8,Europe,Southern Europe,Albania,,B,2010-2015,85.68309023267678
660,20,Europe,Southern Europe,Andorra,,C,1990-1995,
661,20,Europe,Southern Europe,Andorra,,C,1995-2000,
662,20,Europe,Southern Europe,Andorra,,C,2000-2005,
663,20,Europe,Southern Europe,Andorra,,C,2005-2010,
664,20,Europe,Southern Europe,Andorra,,C,2010-2015,
665,70,Europe,Southern Europe,Bosnia and Herzegovina,,I R,1990-1995,
666,70,Europe,Southern Europe,Bosnia and Herzegovina,,I R,1995-2000,
667,70,Europe,Southern Europe,Bosnia and Herzegovina,,I R,2000-2005,-14.053108697618951
668,70,Europe,Southern Europe,Bosnia and Herzegovina,,I R,2005-2010,-4.613628071843355
669,70,Europe,Southern Europe,Bosnia and Herzegovina,,I R,2010-2015,1.8570516975725173
670,191,Europe,Southern Europe,Croatia,,B R,1990-1995,
671,191,Europe,Southern Europe,Croatia,,B R,1995-2000,-40.79165803701394
672,191,Europe,Southern Europe,Croatia,,B R,2000-2005,-40.5277224793778
673,191,Europe,Southern Europe,Croatia,,B R,2005-2010,-24.21726318839875
674,191,Europe,Southern Europe,Croatia,,B R,2010-2015,-8.775978949695613
675,292,Europe,Southern Europe,Gibraltar,,B,1990-1995,
676,292,Europe,Southern Europe,Gibraltar,,B,1995-2000,
677,292,Europe,Southern Europe,Gibraltar,,B,2000-2005,
678,292,Europe,Southern Europe,Gibraltar,,B,2005-2010,
679,292,Europe,Southern Europe,Gibraltar,,B,2010-2015,
680,300,Europe,Southern Europe,Greece,,B,1990-1995,-18.356669768438294
681,300,Europe,Southern Europe,Greece,,B,1995-2000,2.3946803093557816
682,300,Europe,Southern Europe,Greece,,B,2000-2005,-21.28523865351884
683,300,Europe,Southern Europe,Greece,,B,2005-2010,-11.362966405252136
684,300,Europe,Southern Europe,Greece,,B,2010-2015,39.73595251005727
685,336,Europe,Southern Europe,Holy See,(17),I,1990-1995,
686,336,Europe,Southern Europe,Holy See,(17),I,1995-2000,
687,336,Europe,Southern Europe,Holy See,(17),I,2000-2005,
688,336,Europe,Southern Europe,Holy See,(17),I,2005-2010,
689,336,Europe,Southern Europe,Holy See,(17),I,2010-2015,
690,380,Europe,Southern Europe,Italy,,B,1990-1995,-9.835747819774596
691,380,Europe,Southern Europe,Italy,,B,1995-2000,-11.158705785322178
692,380,Europe,Southern Europe,Italy,,B,2000-2005,10.88294287306863
693,380,Europe,Southern Europe,Italy,,B,2005-2010,12.452998101608651
694,380,Europe,Southern Europe,Italy,,B,2010-2015,6.03204554090658
695,470,Europe,Southern Europe,Malta,,B,1990-1995,
696,470,Europe,Southern Europe,Malta,,B,1995-2000,-19.537368276695837
697,470,Europe,Southern Europe,Malta,,B,2000-2005,43.81627364837343
698,470,Europe,Southern Europe,Malta,,B,2005-2010,17.08140018507444
699,470,Europe,Southern Europe,Malta,,B,2010-2015,5.074449851917201
700,499,Europe,Southern Europe,Montenegro,,B,1990-1995,
701,499,Europe,Southern Europe,Montenegro,,B,1995-2000,
702,499,Europe,Southern Europe,Montenegro,,B,2000-2005,
703,499,Europe,Southern Europe,Montenegro,,B,2005-2010,
704,499,Europe,Southern Europe,Montenegro,,B,2010-2015,-17.533623317927212
705,620,Europe,Southern Europe,Portugal,,B,1990-1995,-29.05311043946433
706,620,Europe,Southern Europe,Portugal,,B,1995-2000,7.125239472097097
707,620,Europe,Southern Europe,Portugal,,B,2000-2005,-6.900549440662536
708,620,Europe,Southern Europe,Portugal,,B,2005-2010,1.3427613467251165
709,620,Europe,Southern Europe,Portugal,,B,2010-2015,6.996915523972466
710,674,Europe,Southern Europe,San Marino,,B,1990-1995,
711,674,Europe,Southern Europe,San Marino,,B,1995-2000,
712,674,Europe,Southern Europe,San Marino,,B,2000-2005,
713,674,Europe,Southern Europe,San Marino,,B,2005-2010,
714,674,Europe,Southern Europe,San Marino,,B,2010-2015,
715,688,Europe,Southern Europe,Serbia,(18),B,1990-1995,84.635627247434
716,688,Europe,Southern Europe,Serbia,(18),B,1995-2000,-8.557887168475297
717,688,Europe,Southern Europe,Serbia,(18),B,2000-2005,-19.00317139102753
718,688,Europe,Southern Europe,Serbia,(18),B,2005-2010,-12.196214508062102
719,688,Europe,Southern Europe,Serbia,(18),B,2010-2015,-9.943206357857024
720,705,Europe,Southern Europe,Slovenia,,B,1990-1995,
721,705,Europe,Southern Europe,Slovenia,,B,1995-2000,-41.00410419002064
722,705,Europe,Southern Europe,Slovenia,,B,2000-2005,-51.20909454971295
723,705,Europe,Southern Europe,Slovenia,,B,2005-2010,-0.6867476015267197
724,705,Europe,Southern Europe,Slovenia,,B,2010-2015,-4.212280166025029
725,724,Europe,Southern Europe,Spain,(19),B,1990-1995,-11.323945164705943
726,724,Europe,Southern Europe,Spain,(19),B,1995-2000,-6.160892268293186
727,724,Europe,Southern Europe,Spain,(19),B,2000-2005,-23.400918191957782
728,724,Europe,Southern Europe,Spain,(19),B,2005-2010,-15.319091137168392
729,724,Europe,Southern Europe,Spain,(19),B,2010-2015,5.285023866581224
730,807,Europe,Southern Europe,The former Yugoslav Republic of Macedonia,,B,1990-1995,
731,807,Europe,Southern Europe,The former Yugoslav Republic of Macedonia,,B,1995-2000,-2.7781777350526053
732,807,Europe,Southern Europe,The former Yugoslav Republic of Macedonia,,B,2000-2005,-39.52817751889132
733,807,Europe,Southern Europe,The former Yugoslav Republic of Macedonia,,B,2005-2010,-5.9966450233278445
734,807,Europe,Southern Europe,The former Yugoslav Republic of Macedonia,,B,2010-2015,-8.059877945633964
735,40,Europe,Western Europe,Austria,,B,1990-1995,0.4919901365680148
736,40,Europe,Western Europe,Austria,,B,1995-2000,0.382736942997705
737,40,Europe,Western Europe,Austria,,B,2000-2005,-3.9275722470528103
738,40,Europe,Western Europe,Austria,,B,2005-2010,-3.714198629438071
739,40,Europe,Western Europe,Austria,,B,2010-2015,9.191485703386675
740,56,Europe,Western Europe,Belgium,,C,1990-1995,4.315403391799463
741,56,Europe,Western Europe,Belgium,,C,1995-2000,-9.675310064297319
742,56,Europe,Western Europe,Belgium,,C,2000-2005,-4.583467324178986
743,56,Europe,Western Europe,Belgium,,C,2005-2010,-0.6417761388428634
744,56,Europe,Western Europe,Belgium,,C,2010-2015,4.25540054865867
745,250,Europe,Western Europe,France,,B,1990-1995,-4.318952446247046
746,250,Europe,Western Europe,France,,B,1995-2000,-3.9955412446538072
747,250,Europe,Western Europe,France,,B,2000-2005,-0.4865584097844504
748,250,Europe,Western Europe,France,,B,2005-2010,6.2714652633618115
749,250,Europe,Western Europe,France,,B,2010-2015,3.003955819677594
750,276,Europe,Western Europe,Germany,,B,1990-1995,6.673321380184283
751,276,Europe,Western Europe,Germany,,B,1995-2000,-10.446751383509167
752,276,Europe,Western Europe,Germany,,B,2000-2005,-7.871859769059498
753,276,Europe,Western Europe,Germany,,B,2005-2010,-5.664085393962609
754,276,Europe,Western Europe,Germany,,B,2010-2015,-20.828887319043847
755,438,Europe,Western Europe,Liechtenstein,,B,1990-1995,
756,438,Europe,Western Europe,Liechtenstein,,B,1995-2000,
757,438,Europe,Western Europe,Liechtenstein,,B,2000-2005,11.25653207042325
758,438,Europe,Western Europe,Liechtenstein,,B,2005-2010,-13.125178716708763
759,438,Europe,Western Europe,Liechtenstein,,B,2010-2015,0.053764243321776393
760,442,Europe,Western Europe,Luxembourg,,B,1990-1995,12.15428877084536
761,442,Europe,Western Europe,Luxembourg,,B,1995-2000,-0.43621693118735844
762,442,Europe,Western Europe,Luxembourg,,B,2000-2005,16.015931646470264
763,442,Europe,Western Europe,Luxembourg,,B,2005-2010,10.001521057773273
764,442,Europe,Western Europe,Luxembourg,,B,2010-2015,-33.74805793634888
765,492,Europe,Western Europe,Monaco,,B,1990-1995,
766,492,Europe,Western Europe,Monaco,,B,1995-2000,
767,492,Europe,Western Europe,Monaco,,B,2000-2005,
768,492,Europe,Western Europe,Monaco,,B,2005-2010,
769,492,Europe,Western Europe,Monaco,,B,2010-2015,
770,528,Europe,Western Europe,Netherlands,,B,1990-1995,28.189329184619442
771,528,Europe,Western Europe,Netherlands,,B,1995-2000,9.164726248677676
772,528,Europe,Western Europe,Netherlands,,B,2000-2005,-6.437509759563409
773,528,Europe,Western Europe,Netherlands,,B,2005-2010,-10.186938025831271
774,528,Europe,Western Europe,Netherlands,,B,2010-2015,-1.6108957126254604
775,756,Europe,Western Europe,Switzerland,,B,1990-1995,12.913326771839431
776,756,Europe,Western Europe,Switzerland,,B,1995-2000,-8.480356302186602
777,756,Europe,Western Europe,Switzerland,,B,2000-2005,-6.437242069321059
778,756,Europe,Western Europe,Switzerland,,B,2005-2010,-2.4615067557170636
779,756,Europe,Western Europe,Switzerland,,B,2010-2015,0.14561748154659473
780,660,Latin America and the Caribbean,Caribbean,Anguilla,,B,1990-1995,
781,660,Latin America and the Caribbean,Caribbean,Anguilla,,B,1995-2000,
782,660,Latin America and the Caribbean,Caribbean,Anguilla,,B,2000-2005,
783,660,Latin America and the Caribbean,Caribbean,Anguilla,,B,2005-2010,
784,660,Latin America and the Caribbean,Caribbean,Anguilla,,B,2010-2015,
785,28,Latin America and the Caribbean,Caribbean,Antigua and Barbuda,,B,1990-1995,
786,28,Latin America and the Caribbean,Caribbean,Antigua and Barbuda,,B,1995-2000,
787,28,Latin America and the Caribbean,Caribbean,Antigua and Barbuda,,B,2000-2005,
788,28,Latin America and the Caribbean,Caribbean,Antigua and Barbuda,,B,2005-2010,
789,28,Latin America and the Caribbean,Caribbean,Antigua and Barbuda,,B,2010-2015,
790,533,Latin America and the Caribbean,Caribbean,Aruba,,B,1990-1995,
791,533,Latin America and the Caribbean,Caribbean,Aruba,,B,1995-2000,
792,533,Latin America and the Caribbean,Caribbean,Aruba,,B,2000-2005,
793,533,Latin America and the Caribbean,Caribbean,Aruba,,B,2005-2010,
794,533,Latin America and the Caribbean,Caribbean,Aruba,,B,2010-2015,
795,44,Latin America and the Caribbean,Caribbean,Bahamas,,B,1990-1995,
796,44,Latin America and the Caribbean,Caribbean,Bahamas,,B,1995-2000,11.039210233365896
797,44,Latin America and the Caribbean,Caribbean,Bahamas,,B,2000-2005,-13.40067944422613
798,44,Latin America and the Caribbean,Caribbean,Bahamas,,B,2005-2010,-20.18804280068176
799,44,Latin America and the Caribbean,Caribbean,Bahamas,,B,2010-2015,-1.6037770617696856
800,52,Latin America and the Caribbean,Caribbean,Barbados,,B,1990-1995,
801,52,Latin America and the Caribbean,Caribbean,Barbados,,B,1995-2000,
802,52,Latin America and the Caribbean,Caribbean,Barbados,,B,2000-2005,
803,52,Latin America and the Caribbean,Caribbean,Barbados,,B,2005-2010,
804,52,Latin America and the Caribbean,Caribbean,Barbados,,B,2010-2015,
805,535,Latin America and the Caribbean,Caribbean,"Bonaire, Sint Eustatius and Saba",(20),B,1990-1995,
806,535,Latin America and the Caribbean,Caribbean,"Bonaire, Sint Eustatius and Saba",(20),B,1995-2000,
807,535,Latin America and the Caribbean,Caribbean,"Bonaire, Sint Eustatius and Saba",(20),B,2000-2005,
808,535,Latin America and the Caribbean,Caribbean,"Bonaire, Sint Eustatius and Saba",(20),B,2005-2010,
809,535,Latin America and the Caribbean,Caribbean,"Bonaire, Sint Eustatius and Saba",(20),B,2010-2015,
810,92,Latin America and the Caribbean,Caribbean,British Virgin Islands,,B,1990-1995,
811,92,Latin America and the Caribbean,Caribbean,British Virgin Islands,,B,1995-2000,
812,92,Latin America and the Caribbean,Caribbean,British Virgin Islands,,B,2000-2005,
813,92,Latin America and the Caribbean,Caribbean,British Virgin Islands,,B,2005-2010,11.4764067823287
814,92,Latin America and the Caribbean,Caribbean,British Virgin Islands,,B,2010-2015,5.977425230602171
815,136,Latin America and the Caribbean,Caribbean,Cayman Islands,,C,1990-1995,
816,136,Latin America and the Caribbean,Caribbean,Cayman Islands,,C,1995-2000,
817,136,Latin America and the Caribbean,Caribbean,Cayman Islands,,C,2000-2005,
818,136,Latin America and the Caribbean,Caribbean,Cayman Islands,,C,2005-2010,-2.1037927965282313
819,136,Latin America and the Caribbean,Caribbean,Cayman Islands,,C,2010-2015,36.1122798096429
820,192,Latin America and the Caribbean,Caribbean,Cuba,,B,1990-1995,-4.000220475611612
821,192,Latin America and the Caribbean,Caribbean,Cuba,,B,1995-2000,-11.219346878192557
822,192,Latin America and the Caribbean,Caribbean,Cuba,,B,2000-2005,-5.8290593955677705
823,192,Latin America and the Caribbean,Caribbean,Cuba,,B,2005-2010,-7.4712340078336466
824,192,Latin America and the Caribbean,Caribbean,Cuba,,B,2010-2015,-5.56856197562026
825,531,Latin America and the Caribbean,Caribbean,Curaçao,,B,1990-1995,
826,531,Latin America and the Caribbean,Caribbean,Curaçao,,B,1995-2000,
827,531,Latin America and the Caribbean,Caribbean,Curaçao,,B,2000-2005,
828,531,Latin America and the Caribbean,Caribbean,Curaçao,,B,2005-2010,
829,531,Latin America and the Caribbean,Caribbean,Curaçao,,B,2010-2015,34.72991214372763
830,212,Latin America and the Caribbean,Caribbean,Dominica,,B,1990-1995,
831,212,Latin America and the Caribbean,Caribbean,Dominica,,B,1995-2000,
832,212,Latin America and the Caribbean,Caribbean,Dominica,,B,2000-2005,
833,212,Latin America and the Caribbean,Caribbean,Dominica,,B,2005-2010,
834,212,Latin America and the Caribbean,Caribbean,Dominica,,B,2010-2015,
835,214,Latin America and the Caribbean,Caribbean,Dominican Republic,,B,1990-1995,-21.84034870286739
836,214,Latin America and the Caribbean,Caribbean,Dominican Republic,,B,1995-2000,-15.064743152085041
837,214,Latin America and the Caribbean,Caribbean,Dominican Republic,,B,2000-2005,1.5947178188727964
838,214,Latin America and the Caribbean,Caribbean,Dominican Republic,,B,2005-2010,-0.4137515702592438
839,214,Latin America and the Caribbean,Caribbean,Dominican Republic,,B,2010-2015,-0.5527193453885674
840,308,Latin America and the Caribbean,Caribbean,Grenada,,B,1990-1995,
841,308,Latin America and the Caribbean,Caribbean,Grenada,,B,1995-2000,
842,308,Latin America and the Caribbean,Caribbean,Grenada,,B,2000-2005,
843,308,Latin America and the Caribbean,Caribbean,Grenada,,B,2005-2010,
844,308,Latin America and the Caribbean,Caribbean,Grenada,,B,2010-2015,
845,312,Latin America and the Caribbean,Caribbean,Guadeloupe,(21),B,1990-1995,
846,312,Latin America and the Caribbean,Caribbean,Guadeloupe,(21),B,1995-2000,
847,312,Latin America and the Caribbean,Caribbean,Guadeloupe,(21),B,2000-2005,
848,312,Latin America and the Caribbean,Caribbean,Guadeloupe,(21),B,2005-2010,
849,312,Latin America and the Caribbean,Caribbean,Guadeloupe,(21),B,2010-2015,
850,332,Latin America and the Caribbean,Caribbean,Haiti,,B,1990-1995,
851,332,Latin America and the Caribbean,Caribbean,Haiti,,B,1995-2000,
852,332,Latin America and the Caribbean,Caribbean,Haiti,,B,2000-2005,
853,332,Latin America and the Caribbean,Caribbean,Haiti,,B,2005-2010,
854,332,Latin America and the Caribbean,Caribbean,Haiti,,B,2010-2015,
855,388,Latin America and the Caribbean,Caribbean,Jamaica,,B,1990-1995,
856,388,Latin America and the Caribbean,Caribbean,Jamaica,,B,1995-2000,11.982612980874448
857,388,Latin America and the Caribbean,Caribbean,Jamaica,,B,2000-2005,-4.209742297846613
858,388,Latin America and the Caribbean,Caribbean,Jamaica,,B,2005-2010,-6.6025348121198535
859,388,Latin America and the Caribbean,Caribbean,Jamaica,,B,2010-2015,2.254940774365145
860,474,Latin America and the Caribbean,Caribbean,Martinique,,B,1990-1995,
861,474,Latin America and the Caribbean,Caribbean,Martinique,,B,1995-2000,
862,474,Latin America and the Caribbean,Caribbean,Martinique,,B,2000-2005,
863,474,Latin America and the Caribbean,Caribbean,Martinique,,B,2005-2010,
864,474,Latin America and the Caribbean,Caribbean,Martinique,,B,2010-2015,
865,500,Latin America and the Caribbean,Caribbean,Montserrat,,B,1990-1995,
866,500,Latin America and the Caribbean,Caribbean,Montserrat,,B,1995-2000,
867,500,Latin America and the Caribbean,Caribbean,Montserrat,,B,2000-2005,
868,500,Latin America and the Caribbean,Caribbean,Montserrat,,B,2005-2010,
869,500,Latin America and the Caribbean,Caribbean,Montserrat,,B,2010-2015,
870,630,Latin America and the Caribbean,Caribbean,Puerto Rico,,B,1990-1995,
871,630,Latin America and the Caribbean,Caribbean,Puerto Rico,,B,1995-2000,
872,630,Latin America and the Caribbean,Caribbean,Puerto Rico,,B,2000-2005,
873,630,Latin America and the Caribbean,Caribbean,Puerto Rico,,B,2005-2010,
874,630,Latin America and the Caribbean,Caribbean,Puerto Rico,,B,2010-2015,
875,659,Latin America and the Caribbean,Caribbean,Saint Kitts and Nevis,,B,1990-1995,
876,659,Latin America and the Caribbean,Caribbean,Saint Kitts and Nevis,,B,1995-2000,
877,659,Latin America and the Caribbean,Caribbean,Saint Kitts and Nevis,,B,2000-2005,
878,659,Latin America and the Caribbean,Caribbean,Saint Kitts and Nevis,,B,2005-2010,
879,659,Latin America and the Caribbean,Caribbean,Saint Kitts and Nevis,,B,2010-2015,
880,662,Latin America and the Caribbean,Caribbean,Saint Lucia,,B,1990-1995,
881,662,Latin America and the Caribbean,Caribbean,Saint Lucia,,B,1995-2000,
882,662,Latin America and the Caribbean,Caribbean,Saint Lucia,,B,2000-2005,
883,662,Latin America and the Caribbean,Caribbean,Saint Lucia,,B,2005-2010,
884,662,Latin America and the Caribbean,Caribbean,Saint Lucia,,B,2010-2015,
885,670,Latin America and the Caribbean,Caribbean,Saint Vincent and the Grenadines,,B,1990-1995,
886,670,Latin America and the Caribbean,Caribbean,Saint Vincent and the Grenadines,,B,1995-2000,
887,670,Latin America and the Caribbean,Caribbean,Saint Vincent and the Grenadines,,B,2000-2005,
888,670,Latin America and the Caribbean,Caribbean,Saint Vincent and the Grenadines,,B,2005-2010,
889,670,Latin America and the Caribbean,Caribbean,Saint Vincent and the Grenadines,,B,2010-2015,
890,534,Latin America and the Caribbean,Caribbean,Sint Maarten (Dutch part),,B,1990-1995,
891,534,Latin America and the Caribbean,Caribbean,Sint Maarten (Dutch part),,B,1995-2000,
892,534,Latin America and the Caribbean,Caribbean,Sint Maarten (Dutch part),,B,2000-2005,
893,534,Latin America and the Caribbean,Caribbean,Sint Maarten (Dutch part),,B,2005-2010,-13.862943611198904
894,534,Latin America and the Caribbean,Caribbean,Sint Maarten (Dutch part),,B,2010-2015,21.1533632840288
895,780,Latin America and the Caribbean,Caribbean,Trinidad and Tobago,,B,1990-1995,
896,780,Latin America and the Caribbean,Caribbean,Trinidad and Tobago,,B,1995-2000,
897,780,Latin America and the Caribbean,Caribbean,Trinidad and Tobago,,B,2000-2005,
898,780,Latin America and the Caribbean,Caribbean,Trinidad and Tobago,,B,2005-2010,
899,780,Latin America and the Caribbean,Caribbean,Trinidad and Tobago,,B,2010-2015,-17.318560480135126
900,796,Latin America and the Caribbean,Caribbean,Turks and Caicos Islands,,B,1990-1995,
901,796,Latin America and the Caribbean,Caribbean,Turks and Caicos Islands,,B,1995-2000,
902,796,Latin America and the Caribbean,Caribbean,Turks and Caicos Islands,,B,2000-2005,
903,796,Latin America and the Caribbean,Caribbean,Turks and Caicos Islands,,B,2005-2010,
904,796,Latin America and the Caribbean,Caribbean,Turks and Caicos Islands,,B,2010-2015,
905,850,Latin America and the Caribbean,Caribbean,United States Virgin Islands,,B,1990-1995,
906,850,Latin America and the Caribbean,Caribbean,United States Virgin Islands,,B,1995-2000,
907,850,Latin America and the Caribbean,Caribbean,United States Virgin Islands,,B,2000-2005,
908,850,Latin America and the Caribbean,Caribbean,United States Virgin Islands,,B,2005-2010,
909,850,Latin America and the Caribbean,Caribbean,United States Virgin Islands,,B,2010-2015,
910,84,Latin America and the Caribbean,Central America,Belize,,B R ,1990-1995,-26.817569951788155
911,84,Latin America and the Caribbean,Central America,Belize,,B R ,1995-2000,0.5500236915250322
912,84,Latin America and the Caribbean,Central America,Belize,,B R ,2000-2005,-57.64176041217469
913,84,Latin America and the Caribbean,Central America,Belize,,B R ,2005-2010,-33.01774327761771
914,84,Latin America and the Caribbean,Central America,Belize,,B R ,2010-2015,-54.90411551737535
915,188,Latin America and the Caribbean,Central America,Costa Rica,,B R,1990-1995,-46.03526897642298
916,188,Latin America and the Caribbean,Central America,Costa Rica,,B R,1995-2000,-22.81645291071855
917,188,Latin America and the Caribbean,Central America,Costa Rica,,B R,2000-2005,7.819025868648717
918,188,Latin America and the Caribbean,Central America,Costa Rica,,B R,2005-2010,8.523473524054975
919,188,Latin America and the Caribbean,Central America,Costa Rica,,B R,2010-2015,0.3237537946512241
920,222,Latin America and the Caribbean,Central America,El Salvador,,B R,1990-1995,-10.210245972349519
921,222,Latin America and the Caribbean,Central America,El Salvador,,B R,1995-2000,-105.59356777708655
922,222,Latin America and the Caribbean,Central America,El Salvador,,B R,2000-2005,-3.522200994459549
923,222,Latin America and the Caribbean,Central America,El Salvador,,B R,2005-2010,-3.283870851421291
924,222,Latin America and the Caribbean,Central America,El Salvador,,B R,2010-2015,-2.4806349266027654
925,320,Latin America and the Caribbean,Central America,Guatemala,,B R,1990-1995,-3.2806833554177532
926,320,Latin America and the Caribbean,Central America,Guatemala,,B R,1995-2000,-77.22338075715263
927,320,Latin America and the Caribbean,Central America,Guatemala,,B R,2000-2005,-13.858197867839946
928,320,Latin America and the Caribbean,Central America,Guatemala,,B R,2005-2010,-25.783307807108947
929,320,Latin America and the Caribbean,Central America,Guatemala,,B R,2010-2015,0.6542915956410973
930,340,Latin America and the Caribbean,Central America,Honduras,,B R,1990-1995,-2.0003507527992
931,340,Latin America and the Caribbean,Central America,Honduras,,B R,1995-2000,-152.54114698920694
932,340,Latin America and the Caribbean,Central America,Honduras,,B R,2000-2005,3.7571716792346574
933,340,Latin America and the Caribbean,Central America,Honduras,,B R,2005-2010,1.9078231363532008
934,340,Latin America and the Caribbean,Central America,Honduras,,B R,2010-2015,11.81569726297554
935,484,Latin America and the Caribbean,Central America,Mexico,,B R,1990-1995,-36.062248312355635
936,484,Latin America and the Caribbean,Central America,Mexico,,B R,1995-2000,-18.020928110016055
937,484,Latin America and the Caribbean,Central America,Mexico,,B R,2000-2005,-40.4750878587584
938,484,Latin America and the Caribbean,Central America,Mexico,,B R,2005-2010,-22.94672159033309
939,484,Latin America and the Caribbean,Central America,Mexico,,B R,2010-2015,1.288623631536458
940,558,Latin America and the Caribbean,Central America,Nicaragua,,B R,1990-1995,-57.10683272231931
941,558,Latin America and the Caribbean,Central America,Nicaragua,,B R,1995-2000,-13.703255037931255
942,558,Latin America and the Caribbean,Central America,Nicaragua,,B R,2000-2005,-10.382134123428125
943,558,Latin America and the Caribbean,Central America,Nicaragua,,B R,2005-2010,-26.65884265149689
944,558,Latin America and the Caribbean,Central America,Nicaragua,,B R,2010-2015,23.455164920790132
945,591,Latin America and the Caribbean,Central America,Panama,,B,1990-1995,-11.28589351655479
946,591,Latin America and the Caribbean,Central America,Panama,,B,1995-2000,5.035988567098112
947,591,Latin America and the Caribbean,Central America,Panama,,B,2000-2005,34.26438602589337
948,591,Latin America and the Caribbean,Central America,Panama,,B,2005-2010,4.350411079760817
949,591,Latin America and the Caribbean,Central America,Panama,,B,2010-2015,-3.211500073039604
950,32,Latin America and the Caribbean,South America,Argentina,,B,1990-1995,-9.630807751560038
951,32,Latin America and the Caribbean,South America,Argentina,,B,1995-2000,-21.7310382144935
952,32,Latin America and the Caribbean,South America,Argentina,,B,2000-2005,1.8419221182801655
953,32,Latin America and the Caribbean,South America,Argentina,,B,2005-2010,6.519436637483455
954,32,Latin America and the Caribbean,South America,Argentina,,B,2010-2015,-2.6272528178439067
955,68,Latin America and the Caribbean,South America,Bolivia (Plurinational State of),,B,1990-1995,18.89206383343631
956,68,Latin America and the Caribbean,South America,Bolivia (Plurinational State of),,B,1995-2000,-15.260352484757203
957,68,Latin America and the Caribbean,South America,Bolivia (Plurinational State of),,B,2000-2005,5.354192366041085
958,68,Latin America and the Caribbean,South America,Bolivia (Plurinational State of),,B,2005-2010,3.6441468871485547
959,68,Latin America and the Caribbean,South America,Bolivia (Plurinational State of),,B,2010-2015,-2.5004981673811417
960,76,Latin America and the Caribbean,South America,Brazil,,B,1990-1995,27.51749863284615
961,76,Latin America and the Caribbean,South America,Brazil,,B,1995-2000,
962,76,Latin America and the Caribbean,South America,Brazil,,B,2000-2005,
963,76,Latin America and the Caribbean,South America,Brazil,,B,2005-2010,8.39181452248703
964,76,Latin America and the Caribbean,South America,Brazil,,B,2010-2015,3.7480335921150782
965,152,Latin America and the Caribbean,South America,Chile,,B,1990-1995,1.993989477909872
966,152,Latin America and the Caribbean,South America,Chile,,B,1995-2000,1.06065691277813
967,152,Latin America and the Caribbean,South America,Chile,,B,2000-2005,12.34227488712647
968,152,Latin America and the Caribbean,South America,Chile,,B,2005-2010,3.9817856700916137
969,152,Latin America and the Caribbean,South America,Chile,,B,2010-2015,-3.2367941203455057
970,170,Latin America and the Caribbean,South America,Colombia,,B,1990-1995,-7.540121828509677
971,170,Latin America and the Caribbean,South America,Colombia,,B,1995-2000,-11.526103318996805
972,170,Latin America and the Caribbean,South America,Colombia,,B,2000-2005,-0.5910428006235477
973,170,Latin America and the Caribbean,South America,Colombia,,B,2005-2010,-3.9798455258021184
974,170,Latin America and the Caribbean,South America,Colombia,,B,2010-2015,2.5496367043448895
975,218,Latin America and the Caribbean,South America,Ecuador,,B R,1990-1995,-3.060347213768048
976,218,Latin America and the Caribbean,South America,Ecuador,,B R,1995-2000,-1.7949667856885037
977,218,Latin America and the Caribbean,South America,Ecuador,,B R,2000-2005,42.78487092553894
978,218,Latin America and the Caribbean,South America,Ecuador,,B R,2005-2010,38.74593926326194
979,218,Latin America and the Caribbean,South America,Ecuador,,B R,2010-2015,-3.346102591517662
980,238,Latin America and the Caribbean,South America,Falkland Islands (Malvinas),,B,1990-1995,
981,238,Latin America and the Caribbean,South America,Falkland Islands (Malvinas),,B,1995-2000,
982,238,Latin America and the Caribbean,South America,Falkland Islands (Malvinas),,B,2000-2005,
983,238,Latin America and the Caribbean,South America,Falkland Islands (Malvinas),,B,2005-2010,
984,238,Latin America and the Caribbean,South America,Falkland Islands (Malvinas),,B,2010-2015,
985,254,Latin America and the Caribbean,South America,French Guiana,,B,1990-1995,-15.811169794438376
986,254,Latin America and the Caribbean,South America,French Guiana,,B,1995-2000,
987,254,Latin America and the Caribbean,South America,French Guiana,,B,2000-2005,
988,254,Latin America and the Caribbean,South America,French Guiana,,B,2005-2010,
989,254,Latin America and the Caribbean,South America,French Guiana,,B,2010-2015,
990,328,Latin America and the Caribbean,South America,Guyana,,B,1990-1995,
991,328,Latin America and the Caribbean,South America,Guyana,,B,1995-2000,
992,328,Latin America and the Caribbean,South America,Guyana,,B,2000-2005,
993,328,Latin America and the Caribbean,South America,Guyana,,B,2005-2010,7.416869668959861
994,328,Latin America and the Caribbean,South America,Guyana,,B,2010-2015,5.865042230162193
995,600,Latin America and the Caribbean,South America,Paraguay,,B,1990-1995,1.6523539036621002
996,600,Latin America and the Caribbean,South America,Paraguay,,B,1995-2000,-18.07952859532268
997,600,Latin America and the Caribbean,South America,Paraguay,,B,2000-2005,19.46944037939708
998,600,Latin America and the Caribbean,South America,Paraguay,,B,2005-2010,14.657153188569389
999,600,Latin America and the Caribbean,South America,Paraguay,,B,2010-2015,3.6914060474584383
1000,604,Latin America and the Caribbean,South America,Peru,,B,1990-1995,-0.2510350124801751
1001,604,Latin America and the Caribbean,South America,Peru,,B,1995-2000,-0.7374110087322664
1002,604,Latin America and the Caribbean,South America,Peru,,B,2000-2005,1.0764765152877003
1003,604,Latin America and the Caribbean,South America,Peru,,B,2005-2010,4.407137711895358
1004,604,Latin America and the Caribbean,South America,Peru,,B,2010-2015,-0.16051083049860837
1005,740,Latin America and the Caribbean,South America,Suriname,,C,1990-1995,
1006,740,Latin America and the Caribbean,South America,Suriname,,C,1995-2000,
1007,740,Latin America and the Caribbean,South America,Suriname,,C,2000-2005,9.822446522744334
1008,740,Latin America and the Caribbean,South America,Suriname,,C,2005-2010,24.420895764491675
1009,740,Latin America and the Caribbean,South America,Suriname,,C,2010-2015,-22.916056019753054
1010,858,Latin America and the Caribbean,South America,Uruguay,,B,1990-1995,9.317063398147868
1011,858,Latin America and the Caribbean,South America,Uruguay,,B,1995-2000,-9.266977280446568
1012,858,Latin America and the Caribbean,South America,Uruguay,,B,2000-2005,11.646911100282853
1013,858,Latin America and the Caribbean,South America,Uruguay,,B,2005-2010,8.859031897959273
1014,858,Latin America and the Caribbean,South America,Uruguay,,B,2010-2015,2.8316061691380465
1015,862,Latin America and the Caribbean,South America,Venezuela (Bolivarian Republic of),,B,1990-1995,-1.5323460294517148
1016,862,Latin America and the Caribbean,South America,Venezuela (Bolivarian Republic of),,B,1995-2000,-49.93641905216754
1017,862,Latin America and the Caribbean,South America,Venezuela (Bolivarian Republic of),,B,2000-2005,21.47704020750858
1018,862,Latin America and the Caribbean,South America,Venezuela (Bolivarian Republic of),,B,2005-2010,119.68794679557857
1019,862,Latin America and the Caribbean,South America,Venezuela (Bolivarian Republic of),,B,2010-2015,-0.7579524395904346
1020,60,Northern America,Northern America,Bermuda,,B,1990-1995,
1021,60,Northern America,Northern America,Bermuda,,B,1995-2000,
1022,60,Northern America,Northern America,Bermuda,,B,2000-2005,
1023,60,Northern America,Northern America,Bermuda,,B,2005-2010,
1024,60,Northern America,Northern America,Bermuda,,B,2010-2015,
1025,124,Northern America,Northern America,Canada,,B,1990-1995,-1.3897917647913849
1026,124,Northern America,Northern America,Canada,,B,1995-2000,-6.400968420621231
1027,124,Northern America,Northern America,Canada,,B,2000-2005,1.2824877403594221
1028,124,Northern America,Northern America,Canada,,B,2005-2010,-0.5000558004842571
1029,124,Northern America,Northern America,Canada,,B,2010-2015,-2.8700708660429166
1030,304,Northern America,Northern America,Greenland,,B,1990-1995,
1031,304,Northern America,Northern America,Greenland,,B,1995-2000,
1032,304,Northern America,Northern America,Greenland,,B,2000-2005,
1033,304,Northern America,Northern America,Greenland,,B,2005-2010,
1034,304,Northern America,Northern America,Greenland,,B,2010-2015,
1035,666,Northern America,Northern America,Saint Pierre and Miquelon,,B,1990-1995,
1036,666,Northern America,Northern America,Saint Pierre and Miquelon,,B,1995-2000,
1037,666,Northern America,Northern America,Saint Pierre and Miquelon,,B,2000-2005,
1038,666,Northern America,Northern America,Saint Pierre and Miquelon,,B,2005-2010,
1039,666,Northern America,Northern America,Saint Pierre and Miquelon,,B,2010-2015,
1040,840,Northern America,Northern America,United States of America,,B,1990-1995,3.010459057893113
1041,840,Northern America,Northern America,United States of America,,B,1995-2000,-8.118718250172316
1042,840,Northern America,Northern America,United States of America,,B,2000-2005,-8.252540817310445
1043,840,Northern America,Northern America,United States of America,,B,2005-2010,-9.570077188274471
1044,840,Northern America,Northern America,United States of America,,B,2010-2015,-1.145606256750486
1045,36,Oceania,Australia and New Zealand,Australia,(22),B,1990-1995,-5.250061563971201
1046,36,Oceania,Australia and New Zealand,Australia,(22),B,1995-2000,-3.1779638443099425
1047,36,Oceania,Australia and New Zealand,Australia,(22),B,2000-2005,-3.437414910451597
1048,36,Oceania,Australia and New Zealand,Australia,(22),B,2005-2010,-22.979644173193915
1049,36,Oceania,Australia and New Zealand,Australia,(22),B,2010-2015,9.858589796404646
1050,554,Oceania,Australia and New Zealand,New Zealand,,B,1990-1995,-6.882500366983726
1051,554,Oceania,Australia and New Zealand,New Zealand,,B,1995-2000,2.549224652795523
1052,554,Oceania,Australia and New Zealand,New Zealand,,B,2000-2005,-2.757809193147956
1053,554,Oceania,Australia and New Zealand,New Zealand,,B,2005-2010,-19.07001508284584
1054,554,Oceania,Australia and New Zealand,New Zealand,,B,2010-2015,-11.805810299856493
1055,242,Oceania,Melanesia,Fiji,,B,1990-1995,
1056,242,Oceania,Melanesia,Fiji,,B,1995-2000,
1057,242,Oceania,Melanesia,Fiji,,B,2000-2005,
1058,242,Oceania,Melanesia,Fiji,,B,2005-2010,-1.4215242230517937
1059,242,Oceania,Melanesia,Fiji,,B,2010-2015,50.70858194257374
1060,540,Oceania,Melanesia,New Caledonia,,B,1990-1995,
1061,540,Oceania,Melanesia,New Caledonia,,B,1995-2000,
1062,540,Oceania,Melanesia,New Caledonia,,B,2000-2005,
1063,540,Oceania,Melanesia,New Caledonia,,B,2005-2010,
1064,540,Oceania,Melanesia,New Caledonia,,B,2010-2015,
1065,598,Oceania,Melanesia,Papua New Guinea,,C R,1990-1995,5.551571703673961
1066,598,Oceania,Melanesia,Papua New Guinea,,C R,1995-2000,-4.075845410117875
1067,598,Oceania,Melanesia,Papua New Guinea,,C R,2000-2005,7.132691595501664
1068,598,Oceania,Melanesia,Papua New Guinea,,C R,2005-2010,-11.818900706664584
1069,598,Oceania,Melanesia,Papua New Guinea,,C R,2010-2015,0.13741744113305357
1070,90,Oceania,Melanesia,Solomon Islands,,B,1990-1995,
1071,90,Oceania,Melanesia,Solomon Islands,,B,1995-2000,
1072,90,Oceania,Melanesia,Solomon Islands,,B,2000-2005,
1073,90,Oceania,Melanesia,Solomon Islands,,B,2005-2010,
1074,90,Oceania,Melanesia,Solomon Islands,,B,2010-2015,
1075,548,Oceania,Melanesia,Vanuatu,,B,1990-1995,
1076,548,Oceania,Melanesia,Vanuatu,,B,1995-2000,
1077,548,Oceania,Melanesia,Vanuatu,,B,2000-2005,
1078,548,Oceania,Melanesia,Vanuatu,,B,2005-2010,
1079,548,Oceania,Melanesia,Vanuatu,,B,2010-2015,-15.132388726946672
1080,316,Oceania,Micronesia,Guam,,B,1990-1995,
1081,316,Oceania,Micronesia,Guam,,B,1995-2000,
1082,316,Oceania,Micronesia,Guam,,B,2000-2005,
1083,316,Oceania,Micronesia,Guam,,B,2005-2010,
1084,316,Oceania,Micronesia,Guam,,B,2010-2015,
1085,296,Oceania,Micronesia,Kiribati,,B,1990-1995,
1086,296,Oceania,Micronesia,Kiribati,,B,1995-2000,
1087,296,Oceania,Micronesia,Kiribati,,B,2000-2005,
1088,296,Oceania,Micronesia,Kiribati,,B,2005-2010,
1089,296,Oceania,Micronesia,Kiribati,,B,2010-2015,
1090,584,Oceania,Micronesia,Marshall Islands,,B,1990-1995,
1091,584,Oceania,Micronesia,Marshall Islands,,B,1995-2000,
1092,584,Oceania,Micronesia,Marshall Islands,,B,2000-2005,
1093,584,Oceania,Micronesia,Marshall Islands,,B,2005-2010,
1094,584,Oceania,Micronesia,Marshall Islands,,B,2010-2015,
1095,583,Oceania,Micronesia,Micronesia (Federated States of),,B,1990-1995,
1096,583,Oceania,Micronesia,Micronesia (Federated States of),,B,1995-2000,
1097,583,Oceania,Micronesia,Micronesia (Federated States of),,B,2000-2005,
1098,583,Oceania,Micronesia,Micronesia (Federated States of),,B,2005-2010,
1099,583,Oceania,Micronesia,Micronesia (Federated States of),,B,2010-2015,
1100,520,Oceania,Micronesia,Nauru,,C,1990-1995,
1101,520,Oceania,Micronesia,Nauru,,C,1995-2000,
1102,520,Oceania,Micronesia,Nauru,,C,2000-2005,
1103,520,Oceania,Micronesia,Nauru,,C,2005-2010,
1104,520,Oceania,Micronesia,Nauru,,C,2010-2015,
1105,580,Oceania,Micronesia,Northern Mariana Islands,,B,1990-1995,
1106,580,Oceania,Micronesia,Northern Mariana Islands,,B,1995-2000,
1107,580,Oceania,Micronesia,Northern Mariana Islands,,B,2000-2005,
1108,580,Oceania,Micronesia,Northern Mariana Islands,,B,2005-2010,
1109,580,Oceania,Micronesia,Northern Mariana Islands,,B,2010-2015,
1110,585,Oceania,Micronesia,Palau,,B,1990-1995,
1111,585,Oceania,Micronesia,Palau,,B,1995-2000,
1112,585,Oceania,Micronesia,Palau,,B,2000-2005,
1113,585,Oceania,Micronesia,Palau,,B,2005-2010,
1114,585,Oceania,Micronesia,Palau,,B,2010-2015,
1115,16,Oceania,Polynesia,American Samoa,,B,1990-1995,
1116,16,Oceania,Polynesia,American Samoa,,B,1995-2000,
1117,16,Oceania,Polynesia,American Samoa,,B,2000-2005,
1118,16,Oceania,Polynesia,American Samoa,,B,2005-2010,
1119,16,Oceania,Polynesia,American Samoa,,B,2010-2015,
1120,184,Oceania,Polynesia,Cook Islands,,B,1990-1995,
1121,184,Oceania,Polynesia,Cook Islands,,B,1995-2000,
1122,184,Oceania,Polynesia,Cook Islands,,B,2000-2005,
1123,184,Oceania,Polynesia,Cook Islands,,B,2005-2010,
1124,184,Oceania,Polynesia,Cook Islands,,B,2010-2015,
1125,258,Oceania,Polynesia,French Polynesia,,B,1990-1995,
1126,258,Oceania,Polynesia,French Polynesia,,B,1995-2000,
1127,258,Oceania,Polynesia,French Polynesia,,B,2000-2005,
1128,258,Oceania,Polynesia,French Polynesia,,B,2005-2010,
1129,258,Oceania,Polynesia,French Polynesia,,B,2010-2015,
1130,570,Oceania,Polynesia,Niue,,B,1990-1995,
1131,570,Oceania,Polynesia,Niue,,B,1995-2000,
1132,570,Oceania,Polynesia,Niue,,B,2000-2005,
1133,570,Oceania,Polynesia,Niue,,B,2005-2010,
1134,570,Oceania,Polynesia,Niue,,B,2010-2015,
1135,882,Oceania,Polynesia,Samoa,,B,1990-1995,
1136,882,Oceania,Polynesia,Samoa,,B,1995-2000,
1137,882,Oceania,Polynesia,Samoa,,B,2000-2005,
1138,882,Oceania,Polynesia,Samoa,,B,2005-2010,
1139,882,Oceania,Polynesia,Samoa,,B,2010-2015,
1140,772,Oceania,Polynesia,Tokelau,,B,1990-1995,
1141,772,Oceania,Polynesia,Tokelau,,B,1995-2000,
1142,772,Oceania,Polynesia,Tokelau,,B,2000-2005,
1143,772,Oceania,Polynesia,Tokelau,,B,2005-2010,
1144,772,Oceania,Polynesia,Tokelau,,B,2010-2015,
1145,776,Oceania,Polynesia,Tonga,,B,1990-1995,
1146,776,Oceania,Polynesia,Tonga,,B,1995-2000,
1147,776,Oceania,Polynesia,Tonga,,B,2000-2005,
1148,776,Oceania,Polynesia,Tonga,,B,2005-2010,
1149,776,Oceania,Polynesia,Tonga,,B,2010-2015,
1150,798,Oceania,Polynesia,Tuvalu,,C,1990-1995,
1151,798,Oceania,Polynesia,Tuvalu,,C,1995-2000,
1152,798,Oceania,Polynesia,Tuvalu,,C,2000-2005,
1153,798,Oceania,Polynesia,Tuvalu,,C,2005-2010,
1154,798,Oceania,Polynesia,Tuvalu,,C,2010-2015,
1155,876,Oceania,Polynesia,Wallis and Futuna Islands,,B,1990-1995,
1156,876,Oceania,Polynesia,Wallis and Futuna Islands,,B,1995-2000,
1157,876,Oceania,Polynesia,Wallis and Futuna Islands,,B,2000-2005,
1158,876,Oceania,Polynesia,Wallis and Futuna Islands,,B,2005-2010,
1159,876,Oceania,Polynesia,Wallis and Futuna Islands,,B,2010-2015,
