Country code,Country_or_area,Country_sortorder,Continent,Majorarea_code,Majorarea_sortorder,Region,Region_code,Region_sortorder,Sub-Saharan Africa,Development_stage
4,Afghanistan,99,Asia,935,71,Southern Asia,5501,98,No,Least developed
8,Albania,154,Europe,908,127,Southern Europe,925,153,No,More developed
12,Algeria,40,Africa,903,7,Northern Africa,912,39,No,Less developed
16,American Samoa,257,Oceania,909,238,Polynesia,957,256,No,Less developed
20,Andorra,155,Europe,908,127,Southern Europe,925,153,No,More developed
24,Angola,30,Africa,903,7,Middle Africa,911,29,Yes,Least developed
660,Anguilla,182,Latin America and the Caribbean,904,180,Caribbean,915,181,No,Less developed
28,Antigua and Barbuda,183,Latin America and the Caribbean,904,180,Caribbean,915,181,No,Less developed
32,Argentina,218,Latin America and the Caribbean,904,180,South America,931,217,No,Less developed
51,Armenia,109,Asia,935,71,Western Asia,922,108,No,Less developed
533,Aruba,184,Latin America and the Caribbean,904,180,Caribbean,915,181,No,Less developed
36,Australia,240,Oceania,909,238,Australia and New Zealand,927,239,No,More developed
40,Austria,171,Europe,908,127,Western Europe,926,170,No,More developed
31,Azerbaijan,110,Asia,935,71,Western Asia,922,108,No,Less developed
44,Bahamas,185,Latin America and the Caribbean,904,180,Caribbean,915,181,No,Less developed
48,Bahrain,111,Asia,935,71,Western Asia,922,108,No,Less developed
50,Bangladesh,100,Asia,935,71,Southern Asia,5501,98,No,Least developed
52,Barbados,186,Latin America and the Caribbean,904,180,Caribbean,915,181,No,Less developed
112,Belarus,129,Europe,908,127,Eastern Europe,923,128,No,More developed
56,Belgium,172,Europe,908,127,Western Europe,926,170,No,More developed
84,Belize,209,Latin America and the Caribbean,904,180,Central America,916,208,No,Less developed
204,Benin,54,Africa,903,7,Western Africa,914,53,Yes,Least developed
60,Bermuda,233,Northern America,905,232,Northern America,905,232,No,More developed
64,Bhutan,101,Asia,935,71,Southern Asia,5501,98,No,Least developed
68,Bolivia (Plurinational State of),219,Latin America and the Caribbean,904,180,South America,931,217,No,Less developed
70,Bosnia and Herzegovina,156,Europe,908,127,Southern Europe,925,153,No,More developed
72,Botswana,48,Africa,903,7,Southern Africa,913,47,Yes,Less developed
76,Brazil,220,Latin America and the Caribbean,904,180,South America,931,217,No,Less developed
92,British Virgin Islands,187,Latin America and the Caribbean,904,180,Caribbean,915,181,No,Less developed
96,Brunei Darussalam,87,Asia,935,71,South-Eastern Asia,920,86,No,Less developed
100,Bulgaria,130,Europe,908,127,Eastern Europe,923,128,No,More developed
854,Burkina Faso,55,Africa,903,7,Western Africa,914,53,Yes,Least developed
108,Burundi,9,Africa,903,7,Eastern Africa,910,8,Yes,Least developed
116,Cambodia,88,Asia,935,71,South-Eastern Asia,920,86,No,Least developed
120,Cameroon,31,Africa,903,7,Middle Africa,911,29,Yes,Less developed
124,Canada,234,Northern America,905,232,Northern America,905,232,No,More developed
132,Cabo Verde,56,Africa,903,7,Western Africa,914,53,Yes,Less developed
535,"Bonaire, Sint Eustatius and Saba",188,Latin America and the Caribbean,904,180,Caribbean,915,181,No,Less developed
136,Cayman Islands,189,Latin America and the Caribbean,904,180,Caribbean,915,181,No,Less developed
140,Central African Republic,32,Africa,903,7,Middle Africa,911,29,Yes,Least developed
148,Chad,33,Africa,903,7,Middle Africa,911,29,Yes,Least developed
830,Channel Islands,140,Europe,908,127,Northern Europe,924,139,No,More developed
152,Chile,221,Latin America and the Caribbean,904,180,South America,931,217,No,Less developed
156,China,79,Asia,935,71,Eastern Asia,906,78,No,Less developed
344,"China, Hong Kong Special Administrative Region",81,Asia,935,71,Eastern Asia,906,78,No,Less developed
446,"China, Macao Special Administrative Region",83,Asia,935,71,Eastern Asia,906,78,No,Less developed
170,Colombia,222,Latin America and the Caribbean,904,180,South America,931,217,No,Less developed
174,Comoros,10,Africa,903,7,Eastern Africa,910,8,Yes,Least developed
178,Congo,34,Africa,903,7,Middle Africa,911,29,Yes,Less developed
184,Cook Islands,258,Oceania,909,238,Polynesia,957,256,No,Less developed
188,Costa Rica,210,Latin America and the Caribbean,904,180,Central America,916,208,No,Less developed
384,Côte d'Ivoire,57,Africa,903,7,Western Africa,914,53,Yes,Less developed
191,Croatia,157,Europe,908,127,Southern Europe,925,153,No,More developed
192,Cuba,190,Latin America and the Caribbean,904,180,Caribbean,915,181,No,Less developed
531,Curaçao,191,Latin America and the Caribbean,904,180,Caribbean,915,181,No,Less developed
196,Cyprus,112,Asia,935,71,Western Asia,922,108,No,Less developed
203,Czech Republic,131,Europe,908,127,Eastern Europe,923,128,No,More developed
408,Democratic People's Republic of Korea,80,Asia,935,71,Eastern Asia,906,78,No,Less developed
180,Democratic Republic of the Congo,35,Africa,903,7,Middle Africa,911,29,Yes,Least developed
208,Denmark,141,Europe,908,127,Northern Europe,924,139,No,More developed
262,Djibouti,11,Africa,903,7,Eastern Africa,910,8,Yes,Least developed
212,Dominica,192,Latin America and the Caribbean,904,180,Caribbean,915,181,No,Less developed
214,Dominican Republic,193,Latin America and the Caribbean,904,180,Caribbean,915,181,No,Less developed
218,Ecuador,223,Latin America and the Caribbean,904,180,South America,931,217,No,Less developed
818,Egypt,41,Africa,903,7,Northern Africa,912,39,No,Less developed
222,El Salvador,211,Latin America and the Caribbean,904,180,Central America,916,208,No,Less developed
226,Equatorial Guinea,36,Africa,903,7,Middle Africa,911,29,Yes,Least developed
232,Eritrea,12,Africa,903,7,Eastern Africa,910,8,Yes,Least developed
233,Estonia,142,Europe,908,127,Northern Europe,924,139,No,More developed
231,Ethiopia,13,Africa,903,7,Eastern Africa,910,8,Yes,Least developed
234,Faeroe Islands,143,Europe,908,127,Northern Europe,924,139,No,More developed
238,Falkland Islands (Malvinas),224,Latin America and the Caribbean,904,180,South America,931,217,No,Less developed
242,Fiji,243,Oceania,909,238,Melanesia,928,242,No,Less developed
246,Finland,144,Europe,908,127,Northern Europe,924,139,No,More developed
250,France,173,Europe,908,127,Western Europe,926,170,No,More developed
254,French Guiana,225,Latin America and the Caribbean,904,180,South America,931,217,No,Less developed
258,French Polynesia,259,Oceania,909,238,Polynesia,957,256,No,Less developed
266,Gabon,37,Africa,903,7,Middle Africa,911,29,Yes,Less developed
270,Gambia,58,Africa,903,7,Western Africa,914,53,Yes,Least developed
268,Georgia,113,Asia,935,71,Western Asia,922,108,No,Less developed
276,Germany,174,Europe,908,127,Western Europe,926,170,No,More developed
288,Ghana,59,Africa,903,7,Western Africa,914,53,Yes,Less developed
292,Gibraltar,158,Europe,908,127,Southern Europe,925,153,No,More developed
300,Greece,159,Europe,908,127,Southern Europe,925,153,No,More developed
304,Greenland,235,Northern America,905,232,Northern America,905,232,No,More developed
308,Grenada,194,Latin America and the Caribbean,904,180,Caribbean,915,181,No,Less developed
312,Guadeloupe,195,Latin America and the Caribbean,904,180,Caribbean,915,181,No,Less developed
316,Guam,249,Oceania,909,238,Micronesia,954,248,No,Less developed
320,Guatemala,212,Latin America and the Caribbean,904,180,Central America,916,208,No,Less developed
324,Guinea,60,Africa,903,7,Western Africa,914,53,Yes,Least developed
624,Guinea-Bissau,61,Africa,903,7,Western Africa,914,53,Yes,Least developed
328,Guyana,226,Latin America and the Caribbean,904,180,South America,931,217,No,Less developed
332,Haiti,196,Latin America and the Caribbean,904,180,Caribbean,915,181,No,Least developed
336,Holy See,160,Europe,908,127,Southern Europe,925,153,No,More developed
340,Honduras,213,Latin America and the Caribbean,904,180,Central America,916,208,No,Less developed
348,Hungary,132,Europe,908,127,Eastern Europe,923,128,No,More developed
352,Iceland,145,Europe,908,127,Northern Europe,924,139,No,More developed
356,India,102,Asia,935,71,Southern Asia,5501,98,No,Less developed
360,Indonesia,89,Asia,935,71,South-Eastern Asia,920,86,No,Less developed
364,Iran (Islamic Republic of),103,Asia,935,71,Southern Asia,5501,98,No,Less developed
368,Iraq,114,Asia,935,71,Western Asia,922,108,No,Less developed
372,Ireland,146,Europe,908,127,Northern Europe,924,139,No,More developed
833,Isle of Man,147,Europe,908,127,Northern Europe,924,139,No,More developed
376,Israel,115,Asia,935,71,Western Asia,922,108,No,Less developed
380,Italy,161,Europe,908,127,Southern Europe,925,153,No,More developed
388,Jamaica,197,Latin America and the Caribbean,904,180,Caribbean,915,181,No,Less developed
392,Japan,82,Asia,935,71,Eastern Asia,906,78,No,More developed
400,Jordan,116,Asia,935,71,Western Asia,922,108,No,Less developed
398,Kazakhstan,73,Asia,935,71,Central Asia,5500,72,No,Less developed
404,Kenya,14,Africa,903,7,Eastern Africa,910,8,Yes,Less developed
296,Kiribati,250,Oceania,909,238,Micronesia,954,248,No,Least developed
414,Kuwait,117,Asia,935,71,Western Asia,922,108,No,Less developed
417,Kyrgyzstan,74,Asia,935,71,Central Asia,5500,72,No,Less developed
418,Lao People's Democratic Republic,90,Asia,935,71,South-Eastern Asia,920,86,No,Least developed
428,Latvia,148,Europe,908,127,Northern Europe,924,139,No,More developed
422,Lebanon,118,Asia,935,71,Western Asia,922,108,No,Less developed
426,Lesotho,49,Africa,903,7,Southern Africa,913,47,Yes,Least developed
430,Liberia,62,Africa,903,7,Western Africa,914,53,Yes,Least developed
434,Libya,42,Africa,903,7,Northern Africa,912,39,No,Less developed
438,Liechtenstein,175,Europe,908,127,Western Europe,926,170,No,More developed
440,Lithuania,149,Europe,908,127,Northern Europe,924,139,No,More developed
442,Luxembourg,176,Europe,908,127,Western Europe,926,170,No,More developed
450,Madagascar,15,Africa,903,7,Eastern Africa,910,8,Yes,Least developed
454,Malawi,16,Africa,903,7,Eastern Africa,910,8,Yes,Least developed
458,Malaysia,91,Asia,935,71,South-Eastern Asia,920,86,No,Less developed
462,Maldives,104,Asia,935,71,Southern Asia,5501,98,No,Less developed
466,Mali,63,Africa,903,7,Western Africa,914,53,Yes,Least developed
470,Malta,162,Europe,908,127,Southern Europe,925,153,No,More developed
584,Marshall Islands,251,Oceania,909,238,Micronesia,954,248,No,Less developed
474,Martinique,198,Latin America and the Caribbean,904,180,Caribbean,915,181,No,Less developed
478,Mauritania,64,Africa,903,7,Western Africa,914,53,Yes,Least developed
480,Mauritius,17,Africa,903,7,Eastern Africa,910,8,Yes,Less developed
175,Mayotte,18,Africa,903,7,Eastern Africa,910,8,Yes,Less developed
484,Mexico,214,Latin America and the Caribbean,904,180,Central America,916,208,No,Less developed
583,Micronesia (Federated States of),252,Oceania,909,238,Micronesia,954,248,No,Less developed
492,Monaco,177,Europe,908,127,Western Europe,926,170,No,More developed
496,Mongolia,84,Asia,935,71,Eastern Asia,906,78,No,Less developed
499,Montenegro,163,Europe,908,127,Southern Europe,925,153,No,More developed
500,Montserrat,199,Latin America and the Caribbean,904,180,Caribbean,915,181,No,Less developed
504,Morocco,43,Africa,903,7,Northern Africa,912,39,No,Less developed
508,Mozambique,19,Africa,903,7,Eastern Africa,910,8,Yes,Least developed
104,Myanmar,92,Asia,935,71,South-Eastern Asia,920,86,No,Least developed
516,Namibia,50,Africa,903,7,Southern Africa,913,47,Yes,Less developed
520,Nauru,253,Oceania,909,238,Micronesia,954,248,No,Less developed
524,Nepal,105,Asia,935,71,Southern Asia,5501,98,No,Least developed
528,Netherlands,178,Europe,908,127,Western Europe,926,170,No,More developed
540,New Caledonia,244,Oceania,909,238,Melanesia,928,242,No,Less developed
554,New Zealand,241,Oceania,909,238,Australia and New Zealand,927,239,No,More developed
558,Nicaragua,215,Latin America and the Caribbean,904,180,Central America,916,208,No,Less developed
562,Niger,65,Africa,903,7,Western Africa,914,53,Yes,Least developed
566,Nigeria,66,Africa,903,7,Western Africa,914,53,Yes,Less developed
570,Niue,260,Oceania,909,238,Polynesia,957,256,No,Less developed
580,Northern Mariana Islands,254,Oceania,909,238,Micronesia,954,248,No,Less developed
578,Norway,150,Europe,908,127,Northern Europe,924,139,No,More developed
512,Oman,120,Asia,935,71,Western Asia,922,108,No,Less developed
586,Pakistan,106,Asia,935,71,Southern Asia,5501,98,No,Less developed
585,Palau,255,Oceania,909,238,Micronesia,954,248,No,Less developed
591,Panama,216,Latin America and the Caribbean,904,180,Central America,916,208,No,Less developed
598,Papua New Guinea,245,Oceania,909,238,Melanesia,928,242,No,Less developed
600,Paraguay,227,Latin America and the Caribbean,904,180,South America,931,217,No,Less developed
604,Peru,228,Latin America and the Caribbean,904,180,South America,931,217,No,Less developed
608,Philippines,93,Asia,935,71,South-Eastern Asia,920,86,No,Less developed
616,Poland,133,Europe,908,127,Eastern Europe,923,128,No,More developed
620,Portugal,164,Europe,908,127,Southern Europe,925,153,No,More developed
630,Puerto Rico,200,Latin America and the Caribbean,904,180,Caribbean,915,181,No,Less developed
634,Qatar,121,Asia,935,71,Western Asia,922,108,No,Less developed
410,Republic of Korea,85,Asia,935,71,Eastern Asia,906,78,No,Less developed
498,Republic of Moldova,134,Europe,908,127,Eastern Europe,923,128,No,More developed
638,Réunion,20,Africa,903,7,Eastern Africa,910,8,Yes,Less developed
642,Romania,135,Europe,908,127,Eastern Europe,923,128,No,More developed
643,Russian Federation,136,Europe,908,127,Eastern Europe,923,128,No,More developed
646,Rwanda,21,Africa,903,7,Eastern Africa,910,8,Yes,Least developed
654,Saint Helena,67,Africa,903,7,Western Africa,914,53,Yes,Less developed
659,Saint Kitts and Nevis,201,Latin America and the Caribbean,904,180,Caribbean,915,181,No,Less developed
662,Saint Lucia,202,Latin America and the Caribbean,904,180,Caribbean,915,181,No,Less developed
666,Saint Pierre and Miquelon,236,Northern America,905,232,Northern America,905,232,No,More developed
670,Saint Vincent and the Grenadines,203,Latin America and the Caribbean,904,180,Caribbean,915,181,No,Less developed
882,Samoa,261,Oceania,909,238,Polynesia,957,256,No,Less developed
674,San Marino,165,Europe,908,127,Southern Europe,925,153,No,More developed
678,Sao Tome and Principe,38,Africa,903,7,Middle Africa,911,29,Yes,Least developed
682,Saudi Arabia,122,Asia,935,71,Western Asia,922,108,No,Less developed
686,Senegal,68,Africa,903,7,Western Africa,914,53,Yes,Least developed
688,Serbia,166,Europe,908,127,Southern Europe,925,153,No,More developed
690,Seychelles,22,Africa,903,7,Eastern Africa,910,8,Yes,Less developed
694,Sierra Leone,69,Africa,903,7,Western Africa,914,53,Yes,Least developed
702,Singapore,94,Asia,935,71,South-Eastern Asia,920,86,No,Less developed
534,Sint Maarten (Dutch part),204,Latin America and the Caribbean,904,180,Caribbean,915,181,No,Less developed
703,Slovakia,137,Europe,908,127,Eastern Europe,923,128,No,More developed
705,Slovenia,167,Europe,908,127,Southern Europe,925,153,No,More developed
90,Solomon Islands,246,Oceania,909,238,Melanesia,928,242,No,Least developed
706,Somalia,23,Africa,903,7,Eastern Africa,910,8,Yes,Least developed
710,South Africa,51,Africa,903,7,Southern Africa,913,47,Yes,Less developed
728,South Sudan,24,Africa,903,7,Eastern Africa,910,8,Yes,Least developed
724,Spain,168,Europe,908,127,Southern Europe,925,153,No,More developed
144,Sri Lanka,107,Asia,935,71,Southern Asia,5501,98,No,Less developed
275,State of Palestine,119,Asia,935,71,Western Asia,922,108,No,Less developed
729,Sudan,44,Africa,903,7,Northern Africa,912,39,Yes,Least developed
740,Suriname,229,Latin America and the Caribbean,904,180,South America,931,217,No,Less developed
748,Swaziland,52,Africa,903,7,Southern Africa,913,47,Yes,Less developed
752,Sweden,151,Europe,908,127,Northern Europe,924,139,No,More developed
756,Switzerland,179,Europe,908,127,Western Europe,926,170,No,More developed
760,Syrian Arab Republic,123,Asia,935,71,Western Asia,922,108,No,Less developed
762,Tajikistan,75,Asia,935,71,Central Asia,5500,72,No,Less developed
764,Thailand,95,Asia,935,71,South-Eastern Asia,920,86,No,Less developed
807,The former Yugoslav Republic of Macedonia,169,Europe,908,127,Southern Europe,925,153,No,More developed
626,Timor-Leste,96,Asia,935,71,South-Eastern Asia,920,86,No,Least developed
768,Togo,70,Africa,903,7,Western Africa,914,53,Yes,Least developed
772,Tokelau,262,Oceania,909,238,Polynesia,957,256,No,Less developed
776,Tonga,263,Oceania,909,238,Polynesia,957,256,No,Less developed
780,Trinidad and Tobago,205,Latin America and the Caribbean,904,180,Caribbean,915,181,No,Less developed
788,Tunisia,45,Africa,903,7,Northern Africa,912,39,No,Less developed
792,Turkey,124,Asia,935,71,Western Asia,922,108,No,Less developed
795,Turkmenistan,76,Asia,935,71,Central Asia,5500,72,No,Less developed
796,Turks and Caicos Islands,206,Latin America and the Caribbean,904,180,Caribbean,915,181,No,Less developed
798,Tuvalu,264,Oceania,909,238,Polynesia,957,256,No,Least developed
800,Uganda,25,Africa,903,7,Eastern Africa,910,8,Yes,Least developed
804,Ukraine,138,Europe,908,127,Eastern Europe,923,128,No,More developed
784,United Arab Emirates,125,Asia,935,71,Western Asia,922,108,No,Less developed
826,United Kingdom of Great Britain and Northern Ireland,152,Europe,908,127,Northern Europe,924,139,No,More developed
834,United Republic of Tanzania,26,Africa,903,7,Eastern Africa,910,8,Yes,Least developed
840,United States of America,237,Northern America,905,232,Northern America,905,232,No,More developed
850,United States Virgin Islands,207,Latin America and the Caribbean,904,180,Caribbean,915,181,No,Less developed
858,Uruguay,230,Latin America and the Caribbean,904,180,South America,931,217,No,Less developed
860,Uzbekistan,77,Asia,935,71,Central Asia,5500,72,No,Less developed
548,Vanuatu,247,Oceania,909,238,Melanesia,928,242,No,Least developed
862,Venezuela (Bolivarian Republic of),231,Latin America and the Caribbean,904,180,South America,931,217,No,Less developed
704,Viet Nam,97,Asia,935,71,South-Eastern Asia,920,86,No,Less developed
876,Wallis and Futuna Islands,265,Oceania,909,238,Polynesia,957,256,No,Less developed
732,Western Sahara,46,Africa,903,7,Northern Africa,912,39,No,Less developed
887,Yemen,126,Asia,935,71,Western Asia,922,108,No,Least developed
894,Zambia,27,Africa,903,7,Eastern Africa,910,8,Yes,Least developed
716,Zimbabwe,28,Africa,903,7,Eastern Africa,910,8,Yes,Less developed
